kepid,kepler_name,koi_disposition,koi_fpflag_nt,koi_fpflag_ss
10797460,Kepler-227 b,CONFIRMED,0,0
10797460,Kepler-227 c,CONFIRMED,0,0
10854555,Kepler-664 b,CONFIRMED,0,0
10872983,Kepler-228 d,CONFIRMED,0,0
10872983,Kepler-228 c,CONFIRMED,0,0
10872983,Kepler-228 b,CONFIRMED,0,0
10910878,Kepler-229 c,CONFIRMED,0,0
11446443,Kepler-1 b,CONFIRMED,0,0
10666592,Kepler-2 b,CONFIRMED,0,1
6922244,Kepler-8 b,CONFIRMED,0,0
10984090,Kepler-466 c,CONFIRMED,0,0
10526549,Kepler-660 b,CONFIRMED,0,0
10583066,Kepler-661 b,CONFIRMED,0,0
10601284,Kepler-226 c,CONFIRMED,0,0
10601284,Kepler-226 b,CONFIRMED,0,0
10601284,Kepler-226 d,CONFIRMED,0,0
10662202,Kepler-662 b,CONFIRMED,0,0
10682541,Kepler-663 b,CONFIRMED,0,0
11460018,Kepler-671 b,CONFIRMED,0,0
11507101,Kepler-672 b,CONFIRMED,0,0
10910878,Kepler-229 d,CONFIRMED,0,0
10910878,Kepler-229 b,CONFIRMED,0,0
10987985,Kepler-665 b,CONFIRMED,0,0
11018648,Kepler-230 b,CONFIRMED,0,0
11018648,Kepler-230 c,CONFIRMED,0,0
11153539,Kepler-666 b,CONFIRMED,0,0
9579641,Kepler-105 b,CONFIRMED,0,0
11304958,Kepler-667 b,CONFIRMED,0,0
11391957,Kepler-668 b,CONFIRMED,0,0
11403044,Kepler-669 b,CONFIRMED,0,0
11414511,Kepler-670 b,CONFIRMED,0,0
12110942,Kepler-680 b,CONFIRMED,0,0
12366084,Kepler-232 b,CONFIRMED,0,0
12366084,Kepler-232 c,CONFIRMED,0,0
12404086,Kepler-681 b,CONFIRMED,0,0
8395660,Kepler-106 c,CONFIRMED,0,0
9579641,Kepler-105 c,CONFIRMED,0,0
11754553,Kepler-52 c,CONFIRMED,0,0
11754553,Kepler-52 b,CONFIRMED,0,0
11754553,Kepler-52 d,CONFIRMED,0,0
11812062,Kepler-673 b,CONFIRMED,0,0
11853255,Kepler-674 b,CONFIRMED,0,0
11918099,Kepler-675 b,CONFIRMED,0,0
11923270,Kepler-676 b,CONFIRMED,0,0
11960862,Kepler-677 b,CONFIRMED,0,0
12020329,Kepler-678 b,CONFIRMED,0,0
12066335,Kepler-231 c,CONFIRMED,0,0
12066335,Kepler-231 b,CONFIRMED,0,0
12070811,Kepler-679 b,CONFIRMED,0,0
8395660,Kepler-106 e,CONFIRMED,0,0
3342970,Kepler-234 b,CONFIRMED,0,0
3342970,Kepler-234 c,CONFIRMED,0,0
12470844,Kepler-233 b,CONFIRMED,0,0
12470844,Kepler-233 c,CONFIRMED,0,0
12644822,Kepler-682 b,CONFIRMED,0,0
2713049,Kepler-683 b,CONFIRMED,0,0
3114167,Kepler-684 b,CONFIRMED,0,0
4139816,Kepler-235 d,CONFIRMED,0,0
4139816,Kepler-235 e,CONFIRMED,0,0
8395660,Kepler-106 d,CONFIRMED,0,0
4139816,Kepler-235 c,CONFIRMED,0,0
4275191,Kepler-688 b,CONFIRMED,0,0
4476123,Kepler-689 b,CONFIRMED,0,0
3351888,Kepler-685 b,CONFIRMED,0,0
3641726,Kepler-1727 b,CONFIRMED,0,0
3832474,Kepler-30 d,CONFIRMED,0,0
8395660,Kepler-106 b,CONFIRMED,0,0
3832474,Kepler-30 c,CONFIRMED,0,0
3832474,Kepler-30 b,CONFIRMED,0,0
3935914,Kepler-686 b,CONFIRMED,0,0
3940418,Kepler-1728 b,CONFIRMED,0,0
4049131,Kepler-687 b,CONFIRMED,0,0
4139816,Kepler-235 b,CONFIRMED,0,0
5358241,Kepler-53 b,CONFIRMED,0,0
10875245,Kepler-107 c,CONFIRMED,0,0
5358241,Kepler-53 d,CONFIRMED,0,0
5358241,Kepler-53 c,CONFIRMED,0,0
5358624,Kepler-428 b,CONFIRMED,0,0
4664847,Kepler-690 b,CONFIRMED,0,0
4725681,Kepler-236 c,CONFIRMED,0,0
4725681,Kepler-236 b,CONFIRMED,0,0
4913852,Kepler-691 b,CONFIRMED,0,0
10875245,Kepler-107 e,CONFIRMED,0,0
5021899,Kepler-692 b,CONFIRMED,0,0
5164255,Kepler-693 b,CONFIRMED,0,0
5252423,Kepler-237 c,CONFIRMED,0,0
5252423,Kepler-237 b,CONFIRMED,0,0
5272878,Kepler-694 b,CONFIRMED,0,0
5651104,Kepler-695 b,CONFIRMED,0,0
5792202,Kepler-27 b,CONFIRMED,0,0
10875245,Kepler-107 d,CONFIRMED,0,0
5792202,Kepler-27 c,CONFIRMED,0,0
5436502,Kepler-238 e,CONFIRMED,0,0
5436502,Kepler-238 d,CONFIRMED,0,0
5436502,Kepler-238 c,CONFIRMED,0,0
5436502,Kepler-238 b,CONFIRMED,0,0
10875245,Kepler-107 b,CONFIRMED,0,0
5436502,Kepler-238 f,CONFIRMED,0,0
5456651,Kepler-239 b,CONFIRMED,0,0
5456651,Kepler-239 c,CONFIRMED,0,0
5531576,Kepler-240 c,CONFIRMED,0,0
5531576,Kepler-240 b,CONFIRMED,0,0
6291653,Kepler-702 b,CONFIRMED,0,0
6392727,Kepler-703 b,CONFIRMED,0,0
6422070,Kepler-704 b,CONFIRMED,0,0
6428700,Kepler-242 b,CONFIRMED,0,0
6428700,Kepler-242 c,CONFIRMED,0,0
5792202,Kepler-27 d,CONFIRMED,0,0
5794379,Kepler-241 b,CONFIRMED,0,0
5794379,Kepler-241 c,CONFIRMED,0,0
5881688,Kepler-696 b,CONFIRMED,0,0
6022556,Kepler-697 b,CONFIRMED,0,0
6032497,Kepler-698 b,CONFIRMED,0,0
6061119,Kepler-699 b,CONFIRMED,0,0
6191521,Kepler-700 b,CONFIRMED,0,0
3531558,Kepler-467 b,CONFIRMED,0,0
6276477,Kepler-701 b,CONFIRMED,0,0
6863998,Kepler-709 b,CONFIRMED,0,0
6948054,Kepler-245 b,CONFIRMED,0,0
6948054,Kepler-245 d,CONFIRMED,0,0
6948054,Kepler-245 c,CONFIRMED,0,0
6435936,Kepler-705 b,CONFIRMED,0,0
6522242,Kepler-706 b,CONFIRMED,0,0
6587280,Kepler-243 b,CONFIRMED,0,0
9471974,Kepler-108 b,CONFIRMED,0,0
6587280,Kepler-243 c,CONFIRMED,0,0
6685526,Kepler-707 b,CONFIRMED,0,0
6784235,Kepler-708 b,CONFIRMED,0,0
6849310,Kepler-244 b,CONFIRMED,0,0
6849310,Kepler-244 d,CONFIRMED,0,0
6849310,Kepler-244 c,CONFIRMED,0,0
9471974,Kepler-108 c,CONFIRMED,0,0
7366258,Kepler-82 b,CONFIRMED,0,0
7366258,Kepler-82 c,CONFIRMED,0,0
7366258,Kepler-82 e,CONFIRMED,0,0
7366258,Kepler-82 d,CONFIRMED,0,0
7373451,Kepler-712 b,CONFIRMED,0,0
6948054,Kepler-245 e,CONFIRMED,0,0
6949607,Kepler-28 b,CONFIRMED,0,0
6949607,Kepler-28 c,CONFIRMED,0,0
7109675,Kepler-46 b,CONFIRMED,0,0
7109675,Kepler-46 d,CONFIRMED,0,0
7118364,Kepler-710 b,CONFIRMED,0,0
7134976,Kepler-246 b,CONFIRMED,0,0
7134976,Kepler-246 c,CONFIRMED,0,0
7135852,Kepler-1729 b,CONFIRMED,0,0
7287995,Kepler-81 b,CONFIRMED,0,0
7287995,Kepler-81 c,CONFIRMED,0,0
7287995,Kepler-81 d,CONFIRMED,0,0
7303253,Kepler-711 b,CONFIRMED,0,0
5094751,Kepler-109 b,CONFIRMED,0,0
7678434,Kepler-716 b,CONFIRMED,0,0
7678434,Kepler-716 c,CONFIRMED,0,0
7685981,Kepler-717 b,CONFIRMED,0,0
7373451,Kepler-712 c,CONFIRMED,0,0
7434875,Kepler-247 c,CONFIRMED,0,0
8349582,Kepler-95 b,CONFIRMED,0,0
7434875,Kepler-247 d,CONFIRMED,0,0
7434875,Kepler-247 b,CONFIRMED,0,0
7455287,Kepler-54 b,CONFIRMED,0,0
7455287,Kepler-54 c,CONFIRMED,0,0
7455287,Kepler-54 d,CONFIRMED,0,0
7458762,Kepler-713 b,CONFIRMED,0,0
757450,Kepler-75 b,CONFIRMED,0,0
7585481,Kepler-714 b,CONFIRMED,0,0
7663691,Kepler-715 b,CONFIRMED,0,0
5812701,Kepler-448 b,CONFIRMED,0,0
8039892,Kepler-719 b,CONFIRMED,0,0
8150320,Kepler-55 d,CONFIRMED,0,0
8150320,Kepler-55 b,CONFIRMED,0,0
11086270,Kepler-110 b,CONFIRMED,0,0
7825899,Kepler-248 c,CONFIRMED,0,0
7825899,Kepler-248 b,CONFIRMED,0,0
7849854,Kepler-718 b,CONFIRMED,0,0
7870390,Kepler-83 b,CONFIRMED,0,0
7870390,Kepler-83 d,CONFIRMED,0,0
5094751,Kepler-109 c,CONFIRMED,0,0
7870390,Kepler-83 c,CONFIRMED,0,0
7907423,Kepler-249 c,CONFIRMED,0,0
7907423,Kepler-249 b,CONFIRMED,0,0
7907423,Kepler-249 d,CONFIRMED,0,0
7938496,Kepler-1730 b,CONFIRMED,0,0
8490993,Kepler-722 b,CONFIRMED,0,0
8490993,Kepler-722 c,CONFIRMED,0,0
8505670,Kepler-252 c,CONFIRMED,0,0
8505670,Kepler-252 b,CONFIRMED,0,0
8544996,Kepler-723 b,CONFIRMED,0,0
8150320,Kepler-55 c,CONFIRMED,0,0
8150320,Kepler-55 e,CONFIRMED,0,0
8150320,Kepler-55 f,CONFIRMED,0,0
8226994,Kepler-250 c,CONFIRMED,0,0
8226994,Kepler-250 d,CONFIRMED,0,0
8226994,Kepler-250 b,CONFIRMED,0,0
8247638,Kepler-251 c,CONFIRMED,0,0
8247638,Kepler-251 d,CONFIRMED,0,0
8247638,Kepler-251 b,CONFIRMED,0,0
11086270,Kepler-110 c,CONFIRMED,0,0
8247638,Kepler-251 e,CONFIRMED,0,0
8255887,Kepler-720 b,CONFIRMED,0,0
8414716,Kepler-721 b,CONFIRMED,0,0
9141746,Kepler-730 b,CONFIRMED,0,0
9166862,Kepler-731 b,CONFIRMED,0,0
11449844,Kepler-468 b,CONFIRMED,0,1
8628973,Kepler-724 b,CONFIRMED,0,0
8672910,Kepler-725 b,CONFIRMED,0,0
8689031,Kepler-726 b,CONFIRMED,0,0
8689373,Kepler-253 c,CONFIRMED,0,0
8689373,Kepler-253 d,CONFIRMED,0,0
8689373,Kepler-253 b,CONFIRMED,0,0
8826878,Kepler-727 b,CONFIRMED,0,0
8883593,Kepler-728 b,CONFIRMED,0,0
9077124,Kepler-729 b,CONFIRMED,0,0
9466668,Kepler-256 c,CONFIRMED,0,0
9466668,Kepler-256 d,CONFIRMED,0,0
9466668,Kepler-256 b,CONFIRMED,0,0
9466668,Kepler-256 e,CONFIRMED,0,0
9479273,Kepler-734 b,CONFIRMED,0,0
8359498,Kepler-77 b,CONFIRMED,0,0
9334289,Kepler-254 b,CONFIRMED,0,0
9334289,Kepler-254 c,CONFIRMED,0,0
9334289,Kepler-254 d,CONFIRMED,0,0
9347899,Kepler-31 b,CONFIRMED,0,0
9347899,Kepler-31 c,CONFIRMED,0,0
9347899,Kepler-31 d,CONFIRMED,0,0
9388479,Kepler-732 b,CONFIRMED,0,0
9388479,Kepler-732 c,CONFIRMED,0,0
11359879,Kepler-15 b,CONFIRMED,0,0
9406990,Kepler-733 b,CONFIRMED,0,0
9415172,Kepler-255 c,CONFIRMED,0,0
9415172,Kepler-255 d,CONFIRMED,0,0
9415172,Kepler-255 b,CONFIRMED,0,0
3231341,Kepler-24 b,CONFIRMED,0,0
3231341,Kepler-24 e,CONFIRMED,0,0
3231341,Kepler-24 d,CONFIRMED,0,0
7626506,Kepler-112 c,CONFIRMED,0,0
10482160,Kepler-1739 b,CONFIRMED,0,0
8559644,Kepler-111 c,CONFIRMED,0,0
3240158,Kepler-769 b,CONFIRMED,0,0
3240158,Kepler-769 c,CONFIRMED,0,0
3218908,Kepler-770 b,CONFIRMED,0,0
10350571,Kepler-784 b,CONFIRMED,0,0
3749365,Kepler-785 b,CONFIRMED,0,0
3632418,Kepler-21 b,CONFIRMED,0,0
5809890,Kepler-755 b,CONFIRMED,0,0
5809890,Kepler-755 c,CONFIRMED,0,0
6131236,Kepler-1734 b,CONFIRMED,0,0
3218908,Kepler-770 c,CONFIRMED,0,0
3218908,Kepler-770 d,CONFIRMED,0,0
2837111,Kepler-771 b,CONFIRMED,0,0
5956342,Kepler-265 c,CONFIRMED,0,0
5956342,Kepler-265 b,CONFIRMED,0,0
5956342,Kepler-265 e,CONFIRMED,0,0
5956342,Kepler-265 d,CONFIRMED,0,0
5956656,Kepler-756 b,CONFIRMED,0,0
3109930,Kepler-1736 b,CONFIRMED,0,0
2854914,Kepler-268 b,CONFIRMED,0,0
2854914,Kepler-268 c,CONFIRMED,0,0
3116412,Kepler-772 b,CONFIRMED,0,0
8394721,Kepler-79 d,CONFIRMED,0,0
1161345,Kepler-1973 b,CONFIRMED,0,0
2854698,Kepler-260 b,CONFIRMED,0,0
2854698,Kepler-260 c,CONFIRMED,0,0
8559644,Kepler-111 b,CONFIRMED,0,0
2849805,Kepler-773 b,CONFIRMED,0,0
3114811,Kepler-774 b,CONFIRMED,0,0
3554031,Kepler-415 c,CONFIRMED,0,0
3554031,Kepler-415 b,CONFIRMED,0,0
8394721,Kepler-79 c,CONFIRMED,0,0
7295235,Kepler-743 b,CONFIRMED,0,0
2302548,Kepler-261 b,CONFIRMED,0,0
2302548,Kepler-261 c,CONFIRMED,0,0
9818381,Kepler-43 b,CONFIRMED,0,0
6060203,Kepler-757 b,CONFIRMED,0,0
5880320,Kepler-758 b,CONFIRMED,0,0
5880320,Kepler-758 c,CONFIRMED,0,0
5880320,Kepler-758 d,CONFIRMED,0,0
3859079,Kepler-786 b,CONFIRMED,0,0
4061149,Kepler-1741 b,CONFIRMED,0,0
3444588,Kepler-787 b,CONFIRMED,0,0
8394721,Kepler-79 b,CONFIRMED,0,0
3962243,Kepler-276 c,CONFIRMED,0,0
10154388,Kepler-744 b,CONFIRMED,0,0
1432789,Kepler-745 b,CONFIRMED,0,0
1718189,Kepler-262 c,CONFIRMED,0,0
5880320,Kepler-758 e,CONFIRMED,0,0
6037187,Kepler-759 b,CONFIRMED,0,0
5735762,Kepler-48 b,CONFIRMED,0,0
6359320,Kepler-269 b,CONFIRMED,0,0
3859628,Kepler-1740 b,CONFIRMED,0,0
1718189,Kepler-262 b,CONFIRMED,0,0
8222813,Kepler-760 b,CONFIRMED,0,0
6359320,Kepler-269 c,CONFIRMED,0,0
6362874,Kepler-775 b,CONFIRMED,0,0
6272413,Kepler-776 b,CONFIRMED,0,0
3447722,Kepler-275 c,CONFIRMED,0,0
3447722,Kepler-275 b,CONFIRMED,0,0
3447722,Kepler-275 d,CONFIRMED,0,0
2165002,Kepler-263 b,CONFIRMED,0,0
2165002,Kepler-263 c,CONFIRMED,0,0
1871056,Kepler-264 b,CONFIRMED,0,0
8222813,Kepler-760 c,CONFIRMED,0,0
8240904,Kepler-266 b,CONFIRMED,0,0
8240904,Kepler-266 c,CONFIRMED,0,0
5735762,Kepler-48 c,CONFIRMED,0,0
3962243,Kepler-276 b,CONFIRMED,0,0
3962243,Kepler-276 d,CONFIRMED,0,0
3438507,Kepler-788 b,CONFIRMED,0,0
3869014,Kepler-789 b,CONFIRMED,0,0
1871056,Kepler-264 c,CONFIRMED,0,0
1865042,Kepler-746 b,CONFIRMED,0,0
5780460,Kepler-747 b,CONFIRMED,0,0
8229696,Kepler-761 b,CONFIRMED,0,0
10272640,Kepler-762 b,CONFIRMED,0,0
8346392,Kepler-777 b,CONFIRMED,0,0
8288947,Kepler-778 b,CONFIRMED,0,0
9480189,Kepler-257 c,CONFIRMED,0,0
11974540,Kepler-470 b,CONFIRMED,0,1
9480189,Kepler-257 b,CONFIRMED,0,0
9480189,Kepler-257 d,CONFIRMED,0,0
9512687,Kepler-735 b,CONFIRMED,0,0
8644288,Kepler-18 c,CONFIRMED,0,0
1725016,Kepler-748 b,CONFIRMED,0,0
5446285,Kepler-88 b,CONFIRMED,0,0
10166274,Kepler-267 b,CONFIRMED,0,0
10166274,Kepler-267 c,CONFIRMED,0,0
10166274,Kepler-267 d,CONFIRMED,0,0
5735762,Kepler-48 d,CONFIRMED,0,0
8351704,Kepler-779 b,CONFIRMED,0,0
9513865,Kepler-736 b,CONFIRMED,0,0
9605514,Kepler-1666 b,CONFIRMED,0,0
9605514,Kepler-1666 c,CONFIRMED,0,0
8125580,Kepler-749 b,CONFIRMED,0,0
8158127,Kepler-750 b,CONFIRMED,0,0
10141900,Kepler-763 b,CONFIRMED,0,0
8410727,Kepler-270 b,CONFIRMED,0,0
8410727,Kepler-270 c,CONFIRMED,0,0
8278371,Kepler-780 b,CONFIRMED,0,0
8280511,Kepler-271 b,CONFIRMED,0,0
8280511,Kepler-271 c,CONFIRMED,0,0
9710326,Kepler-737 b,CONFIRMED,0,0
9761882,Kepler-738 b,CONFIRMED,0,0
9766437,Kepler-739 b,CONFIRMED,0,0
9775938,Kepler-258 b,CONFIRMED,0,0
8644288,Kepler-18 d,CONFIRMED,0,0
8158127,Kepler-750 c,CONFIRMED,0,0
8174625,Kepler-751 b,CONFIRMED,0,0
10157458,Kepler-764 b,CONFIRMED,0,0
10118816,Kepler-1735 b,CONFIRMED,0,0
10122255,Kepler-765 b,CONFIRMED,0,0
3835670,Kepler-473 b,CONFIRMED,0,0
9775938,Kepler-258 c,CONFIRMED,0,0
9787239,Kepler-32 b,CONFIRMED,0,0
9787239,Kepler-32 c,CONFIRMED,0,0
9787239,Kepler-32 d,CONFIRMED,0,0
9787239,Kepler-32 e,CONFIRMED,0,0
9787239,Kepler-32 f,CONFIRMED,0,0
2716853,Kepler-752 b,CONFIRMED,0,0
2715135,Kepler-753 b,CONFIRMED,0,0
8644288,Kepler-18 b,CONFIRMED,0,0
3247268,Kepler-418 b,CONFIRMED,0,0
3247268,Kepler-418 c,CONFIRMED,0,0
10354039,Kepler-1737 b,CONFIRMED,0,0
10330115,Kepler-781 b,CONFIRMED,0,0
10426656,Kepler-272 c,CONFIRMED,0,0
9820483,Kepler-740 b,CONFIRMED,0,0
9941662,Kepler-13 b,CONFIRMED,0,1
7778437,Kepler-471 b,CONFIRMED,0,0
9823457,Kepler-259 b,CONFIRMED,0,0
9823457,Kepler-259 c,CONFIRMED,0,0
2164169,Kepler-1732 b,CONFIRMED,0,0
2574338,Kepler-1733 b,CONFIRMED,0,0
2584163,Kepler-754 b,CONFIRMED,0,0
4180280,Kepler-472 b,CONFIRMED,0,0
2721030,Kepler-766 b,CONFIRMED,0,0
7626506,Kepler-112 b,CONFIRMED,0,0
10426656,Kepler-272 d,CONFIRMED,0,0
10426656,Kepler-272 b,CONFIRMED,0,0
10528068,Kepler-782 b,CONFIRMED,0,0
10468940,Kepler-273 b,CONFIRMED,0,0
9825625,Kepler-741 b,CONFIRMED,0,0
9875711,Kepler-742 b,CONFIRMED,0,0
1026957,Kepler-1731 b,CONFIRMED,0,0
2853093,Kepler-767 b,CONFIRMED,0,0
3245969,Kepler-768 b,CONFIRMED,0,0
3231341,Kepler-24 c,CONFIRMED,0,0
10468940,Kepler-273 c,CONFIRMED,0,0
10337517,Kepler-783 c,CONFIRMED,0,0
10337517,Kepler-783 b,CONFIRMED,0,0
10351231,Kepler-1738 b,CONFIRMED,0,0
8561063,Kepler-42 b,CONFIRMED,0,0
8561063,Kepler-42 c,CONFIRMED,0,0
8561063,Kepler-42 d,CONFIRMED,0,0
7102227,Kepler-290 c,CONFIRMED,0,0
7102227,Kepler-290 b,CONFIRMED,0,0
6960913,Kepler-61 b,CONFIRMED,0,0
11122894,Kepler-297 c,CONFIRMED,0,0
11129738,Kepler-844 b,CONFIRMED,0,0
11401182,Kepler-845 b,CONFIRMED,0,0
11030711,Kepler-1750 b,CONFIRMED,0,0
11512246,Kepler-23 b,CONFIRMED,0,0
6690082,Kepler-280 b,CONFIRMED,0,0
6690082,Kepler-280 c,CONFIRMED,0,0
6448890,Kepler-56 c,CONFIRMED,0,0
6448890,Kepler-56 b,CONFIRMED,0,0
10730034,Kepler-285 b,CONFIRMED,0,0
10730034,Kepler-285 c,CONFIRMED,0,0
10858691,Kepler-286 b,CONFIRMED,0,0
10858691,Kepler-286 c,CONFIRMED,0,0
10858691,Kepler-286 d,CONFIRMED,0,0
8107380,Kepler-476 b,CONFIRMED,0,0
6936909,Kepler-291 b,CONFIRMED,0,0
6936909,Kepler-291 c,CONFIRMED,0,0
6962977,Kepler-292 f,CONFIRMED,0,0
6962977,Kepler-292 d,CONFIRMED,0,0
11176127,Kepler-298 b,CONFIRMED,0,0
11176127,Kepler-298 c,CONFIRMED,0,0
11176127,Kepler-298 d,CONFIRMED,0,0
11014932,Kepler-299 c,CONFIRMED,0,0
8030148,Kepler-474 b,CONFIRMED,0,0
6693640,Kepler-798 b,CONFIRMED,0,0
10858691,Kepler-286 e,CONFIRMED,0,0
10973814,Kepler-287 c,CONFIRMED,0,0
10973814,Kepler-287 b,CONFIRMED,0,0
6541920,Kepler-11 g,CONFIRMED,0,0
10586208,Kepler-811 b,CONFIRMED,0,0
6962977,Kepler-292 e,CONFIRMED,0,0
6962977,Kepler-292 c,CONFIRMED,0,0
6962977,Kepler-292 b,CONFIRMED,0,0
6932987,Kepler-293 b,CONFIRMED,0,0
11014932,Kepler-299 d,CONFIRMED,0,0
11014932,Kepler-299 b,CONFIRMED,0,0
11014932,Kepler-299 e,CONFIRMED,0,0
11288505,Kepler-846 b,CONFIRMED,0,0
11493431,Kepler-847 b,CONFIRMED,0,0
10854768,Kepler-812 b,CONFIRMED,0,0
10964440,Kepler-813 b,CONFIRMED,0,0
10713616,Kepler-1667 b,CONFIRMED,0,0
10963242,Kepler-814 b,CONFIRMED,0,0
6932987,Kepler-293 c,CONFIRMED,0,0
8191672,Kepler-5 b,CONFIRMED,0,1
6851425,Kepler-477 b,CONFIRMED,0,0
6934291,Kepler-828 b,CONFIRMED,0,0
11037335,Kepler-300 c,CONFIRMED,0,0
11037335,Kepler-300 b,CONFIRMED,0,0
11389771,Kepler-301 b,CONFIRMED,0,0
11389771,Kepler-301 d,CONFIRMED,0,0
10925104,Kepler-114 c,CONFIRMED,0,0
10585852,Kepler-815 b,CONFIRMED,0,0
10794087,Kepler-1743 b,CONFIRMED,0,0
6541920,Kepler-11 b,CONFIRMED,0,0
7287415,Kepler-1745 b,CONFIRMED,0,0
6924203,Kepler-829 b,CONFIRMED,0,0
11389771,Kepler-301 c,CONFIRMED,0,0
11599038,Kepler-1751 b,CONFIRMED,0,0
11193263,Kepler-848 b,CONFIRMED,0,0
11027624,Kepler-849 b,CONFIRMED,0,0
11032227,Kepler-850 b,CONFIRMED,0,0
8751933,Kepler-420 b,CONFIRMED,0,0
8630788,Kepler-281 c,CONFIRMED,0,0
8630788,Kepler-281 b,CONFIRMED,0,0
8630788,Kepler-281 d,CONFIRMED,0,0
4164994,Kepler-816 b,CONFIRMED,0,0
6766634,Kepler-1746 b,CONFIRMED,0,0
7211469,Kepler-830 b,CONFIRMED,0,0
7831264,Kepler-116 b,CONFIRMED,0,0
7532973,Kepler-854 b,CONFIRMED,0,1
8678594,Kepler-799 b,CONFIRMED,0,0
10925104,Kepler-114 b,CONFIRMED,0,0
8678594,Kepler-799 c,CONFIRMED,0,0
4076098,Kepler-817 b,CONFIRMED,0,0
4282872,Kepler-818 b,CONFIRMED,0,0
7211221,Kepler-831 b,CONFIRMED,0,0
11356260,Kepler-851 b,CONFIRMED,0,0
11600889,Kepler-407 b,CONFIRMED,0,0
11043167,Kepler-852 b,CONFIRMED,0,0
8612847,Kepler-800 b,CONFIRMED,0,0
8547140,Kepler-801 b,CONFIRMED,0,0
4072526,Kepler-819 b,CONFIRMED,0,0
4455231,Kepler-288 c,CONFIRMED,0,0
9527915,Kepler-478 b,CONFIRMED,0,0
11336883,Kepler-853 b,CONFIRMED,0,0
8564587,Kepler-57 b,CONFIRMED,0,0
10925104,Kepler-114 d,CONFIRMED,0,0
8564587,Kepler-57 c,CONFIRMED,0,0
8806072,Kepler-802 b,CONFIRMED,0,0
4455231,Kepler-288 b,CONFIRMED,0,0
4455231,Kepler-288 d,CONFIRMED,0,0
8972058,Kepler-115 c,CONFIRMED,0,0
7832356,Kepler-855 b,CONFIRMED,0,0
9643874,Kepler-856 b,CONFIRMED,0,0
8800954,Kepler-421 b,CONFIRMED,0,0
8583696,Kepler-803 b,CONFIRMED,0,0
4155328,Kepler-820 b,CONFIRMED,0,0
4077526,Kepler-58 b,CONFIRMED,0,0
4077526,Kepler-58 c,CONFIRMED,0,0
4077526,Kepler-58 d,CONFIRMED,0,0
8935810,Kepler-1747 b,CONFIRMED,0,0
2441495,Kepler-479 b,CONFIRMED,0,0
9455556,Kepler-294 c,CONFIRMED,0,0
9455556,Kepler-294 b,CONFIRMED,0,0
3732821,Kepler-790 b,CONFIRMED,0,0
3962357,Kepler-791 b,CONFIRMED,0,0
8394721,Kepler-79 e,CONFIRMED,0,0
8609450,Kepler-282 d,CONFIRMED,0,0
6541920,Kepler-11 c,CONFIRMED,0,0
8609450,Kepler-282 e,CONFIRMED,0,0
8609450,Kepler-282 b,CONFIRMED,0,0
8609450,Kepler-282 c,CONFIRMED,0,0
4243911,Kepler-821 b,CONFIRMED,0,0
4466677,Kepler-822 b,CONFIRMED,0,0
4135665,Kepler-823 b,CONFIRMED,0,0
9269281,Kepler-1748 b,CONFIRMED,0,0
9034103,Kepler-832 b,CONFIRMED,0,0
9214942,Kepler-833 b,CONFIRMED,0,0
3749134,Kepler-792 b,CONFIRMED,0,0
3660924,Kepler-793 b,CONFIRMED,0,0
3939150,Kepler-277 b,CONFIRMED,0,0
8628758,Kepler-804 b,CONFIRMED,0,0
8628758,Kepler-804 c,CONFIRMED,0,0
8742590,Kepler-1742 b,CONFIRMED,0,0
8822366,Kepler-805 b,CONFIRMED,0,0
8972058,Kepler-115 b,CONFIRMED,0,0
4650674,Kepler-824 b,CONFIRMED,0,0
4275721,Kepler-825 b,CONFIRMED,0,0
4275721,Kepler-825 c,CONFIRMED,0,0
8874090,Kepler-834 b,CONFIRMED,0,0
11666881,Kepler-480 b,CONFIRMED,0,0
9264949,Kepler-835 b,CONFIRMED,0,0
9271752,Kepler-836 b,CONFIRMED,0,0
9150827,Kepler-1749 b,CONFIRMED,0,0
3939150,Kepler-277 c,CONFIRMED,0,0
3839488,Kepler-794 b,CONFIRMED,0,0
3442055,Kepler-795 b,CONFIRMED,0,0
12252424,Kepler-113 c,CONFIRMED,0,0
8700771,Kepler-806 b,CONFIRMED,0,0
6541920,Kepler-11 d,CONFIRMED,0,0
4136466,Kepler-826 b,CONFIRMED,0,0
9391208,Kepler-837 b,CONFIRMED,0,0
9391506,Kepler-838 b,CONFIRMED,0,0
8950853,Kepler-839 b,CONFIRMED,0,0
9006449,Kepler-295 b,CONFIRMED,0,0
9006449,Kepler-295 c,CONFIRMED,0,0
9006449,Kepler-295 d,CONFIRMED,0,0
4043190,Kepler-796 b,CONFIRMED,0,0
3640905,Kepler-278 b,CONFIRMED,0,0
3640905,Kepler-278 c,CONFIRMED,0,0
10790387,Kepler-807 b,CONFIRMED,0,0
7303287,Kepler-289 c,CONFIRMED,0,0
7303287,Kepler-289 b,CONFIRMED,0,0
11512246,Kepler-23 c,CONFIRMED,0,0
11517719,Kepler-840 b,CONFIRMED,0,1
12252424,Kepler-113 b,CONFIRMED,0,0
10874614,Kepler-6 b,CONFIRMED,0,0
6541920,Kepler-11 e,CONFIRMED,0,0
7211141,Kepler-827 b,CONFIRMED,0,0
5084942,Kepler-475 b,CONFIRMED,0,0
11497958,Kepler-296 c,CONFIRMED,0,0
11497958,Kepler-296 d,CONFIRMED,0,0
11512246,Kepler-23 d,CONFIRMED,0,0
10604335,Kepler-283 b,CONFIRMED,0,0
10604335,Kepler-283 c,CONFIRMED,0,0
10864656,Kepler-432 b,CONFIRMED,0,0
10975146,Kepler-808 b,CONFIRMED,0,0
10538176,Kepler-284 b,CONFIRMED,0,0
6946199,Kepler-1744 b,CONFIRMED,0,0
11497958,Kepler-296 b,CONFIRMED,0,0
11177707,Kepler-841 b,CONFIRMED,0,0
11611600,Kepler-842 b,CONFIRMED,0,0
11254382,Kepler-843 b,CONFIRMED,0,0
11122894,Kepler-297 b,CONFIRMED,0,0
6677841,Kepler-279 c,CONFIRMED,0,0
6677841,Kepler-279 b,CONFIRMED,0,0
6677841,Kepler-279 d,CONFIRMED,0,0
6383821,Kepler-797 b,CONFIRMED,0,0
10538176,Kepler-284 c,CONFIRMED,0,0
10724369,Kepler-809 b,CONFIRMED,0,0
6541920,Kepler-11 f,CONFIRMED,0,0
10744335,Kepler-810 b,CONFIRMED,0,0
4860678,Kepler-1758 b,CONFIRMED,0,0
5177104,Kepler-904 b,CONFIRMED,0,0
8230616,Kepler-316 b,CONFIRMED,0,0
9836959,Kepler-1766 b,CONFIRMED,0,0
9838949,Kepler-935 b,CONFIRMED,0,0
9895006,Kepler-936 b,CONFIRMED,0,0
9896558,Kepler-937 b,CONFIRMED,0,0
9589323,Kepler-861 b,CONFIRMED,0,0
9823487,Kepler-1753 b,CONFIRMED,0,0
9726659,Kepler-862 b,CONFIRMED,0,0
5371776,Kepler-304 b,CONFIRMED,0,0
5371776,Kepler-304 d,CONFIRMED,0,0
5371776,Kepler-304 c,CONFIRMED,0,0
9573539,Kepler-484 b,CONFIRMED,0,0
5371776,Kepler-304 e,CONFIRMED,0,0
9886661,Kepler-905 b,CONFIRMED,0,0
10055126,Kepler-311 b,CONFIRMED,0,0
10055126,Kepler-311 c,CONFIRMED,0,0
5009743,Kepler-906 b,CONFIRMED,0,0
10015937,Kepler-1767 b,CONFIRMED,0,0
10019065,Kepler-938 b,CONFIRMED,0,0
7950644,Kepler-427 b,CONFIRMED,0,0
10080248,Kepler-939 b,CONFIRMED,0,0
10213902,Kepler-940 b,CONFIRMED,0,0
11821363,Kepler-1754 b,CONFIRMED,0,0
7629518,Kepler-863 b,CONFIRMED,0,0
10810838,Kepler-482 b,CONFIRMED,0,0
10963065,Kepler-408 b,CONFIRMED,0,0
6268648,Kepler-907 b,CONFIRMED,0,0
5357901,Kepler-425 b,CONFIRMED,0,0
4278221,Kepler-908 b,CONFIRMED,0,0
10214162,Kepler-941 b,CONFIRMED,0,0
10905746,Kepler-1651 b,CONFIRMED,0,0
8242434,Kepler-942 b,CONFIRMED,0,0
6185331,Kepler-943 b,CONFIRMED,0,0
9636135,Kepler-864 b,CONFIRMED,0,0
7841925,Kepler-865 b,CONFIRMED,0,0
5219234,Kepler-305 b,CONFIRMED,0,0
5219234,Kepler-305 c,CONFIRMED,0,0
5219234,Kepler-305 e,CONFIRMED,0,0
5219234,Kepler-305 d,CONFIRMED,0,0
9015738,Kepler-909 b,CONFIRMED,0,0
7215603,Kepler-910 b,CONFIRMED,0,0
5561278,Kepler-911 b,CONFIRMED,0,0
6387542,Kepler-912 b,CONFIRMED,0,0
6869184,Kepler-944 b,CONFIRMED,0,0
6604328,Kepler-945 b,CONFIRMED,0,0
7439316,Kepler-866 b,CONFIRMED,0,0
12400538,Kepler-867 b,CONFIRMED,0,0
5184584,Kepler-891 b,CONFIRMED,0,0
5438099,Kepler-306 c,CONFIRMED,0,0
5438099,Kepler-306 b,CONFIRMED,0,0
6543893,Kepler-913 b,CONFIRMED,0,0
6543893,Kepler-913 c,CONFIRMED,0,0
6975129,Kepler-312 c,CONFIRMED,0,0
11391018,Kepler-486 b,CONFIRMED,0,0
8685497,Kepler-914 b,CONFIRMED,0,0
4365645,Kepler-1671 b,CONFIRMED,0,0
8197343,Kepler-946 b,CONFIRMED,0,0
6786348,Kepler-947 b,CONFIRMED,0,0
6209677,Kepler-948 b,CONFIRMED,0,0
9813499,Kepler-868 b,CONFIRMED,0,0
12254792,Kepler-869 b,CONFIRMED,0,0
12020218,Kepler-870 b,CONFIRMED,0,0
7690844,Kepler-871 b,CONFIRMED,0,0
5438099,Kepler-306 d,CONFIRMED,0,0
5438099,Kepler-306 e,CONFIRMED,0,0
8009350,Kepler-892 b,CONFIRMED,0,0
8082001,Kepler-893 b,CONFIRMED,0,0
9277896,Kepler-915 b,CONFIRMED,0,0
9401997,Kepler-916 b,CONFIRMED,0,0
10686864,Kepler-917 b,CONFIRMED,0,0
9631995,Kepler-422 b,CONFIRMED,0,0
7901948,Kepler-872 b,CONFIRMED,0,0
6442377,Kepler-483 b,CONFIRMED,0,0
10004519,Kepler-894 b,CONFIRMED,0,0
5031857,Kepler-1755 b,CONFIRMED,0,0
10879038,Kepler-918 b,CONFIRMED,0,0
10990917,Kepler-919 b,CONFIRMED,0,0
11046025,Kepler-1759 b,CONFIRMED,0,0
9729691,Kepler-949 b,CONFIRMED,0,0
10904857,Kepler-488 b,CONFIRMED,0,0
8651389,Kepler-1768 b,CONFIRMED,0,0
7871954,Kepler-303 b,CONFIRMED,0,0
7871954,Kepler-303 c,CONFIRMED,0,0
12418724,Kepler-873 b,CONFIRMED,0,0
7456001,Kepler-874 b,CONFIRMED,0,0
10028792,Kepler-87 b,CONFIRMED,0,0
10028792,Kepler-87 c,CONFIRMED,0,0
5299459,Kepler-307 b,CONFIRMED,0,0
11153121,Kepler-313 b,CONFIRMED,0,0
11153121,Kepler-313 c,CONFIRMED,0,0
11177543,Kepler-1760 b,CONFIRMED,0,0
11337141,Kepler-1761 b,CONFIRMED,0,0
3967760,Kepler-317 b,CONFIRMED,0,0
3967760,Kepler-317 c,CONFIRMED,0,0
7549209,Kepler-875 b,CONFIRMED,0,0
7663405,Kepler-876 b,CONFIRMED,0,0
9765975,Kepler-877 b,CONFIRMED,0,0
9818462,Kepler-878 b,CONFIRMED,0,0
6803202,Kepler-1711 b,CONFIRMED,0,0
5299459,Kepler-307 c,CONFIRMED,0,0
9651668,Kepler-423 b,CONFIRMED,0,0
12506770,Kepler-895 b,CONFIRMED,0,0
11337372,Kepler-920 b,CONFIRMED,0,0
11337833,Kepler-921 b,CONFIRMED,0,0
11547505,Kepler-922 b,CONFIRMED,0,0
11502867,Kepler-426 b,CONFIRMED,0,0
9909735,Kepler-318 b,CONFIRMED,0,0
9909735,Kepler-318 c,CONFIRMED,0,0
11551692,Kepler-411 c,CONFIRMED,0,0
11551692,Kepler-411 b,CONFIRMED,0,0
12266636,Kepler-879 b,CONFIRMED,0,0
7869917,Kepler-880 b,CONFIRMED,0,0
9824805,Kepler-881 b,CONFIRMED,0,0
7939330,Kepler-896 b,CONFIRMED,0,0
12602568,Kepler-897 b,CONFIRMED,0,0
9941066,Kepler-898 b,CONFIRMED,0,0
5972334,Kepler-487 b,CONFIRMED,0,0
4650733,Kepler-1762 b,CONFIRMED,0,0
7831264,Kepler-116 c,CONFIRMED,0,0
7691260,Kepler-882 b,CONFIRMED,0,0
9821454,Kepler-59 c,CONFIRMED,0,0
9821454,Kepler-59 b,CONFIRMED,0,0
11954842,Kepler-883 b,CONFIRMED,0,0
5470739,Kepler-899 b,CONFIRMED,0,0
10022908,Kepler-900 b,CONFIRMED,0,0
5617854,Kepler-901 b,CONFIRMED,0,0
4932442,Kepler-923 b,CONFIRMED,0,0
5183357,Kepler-924 b,CONFIRMED,0,0
5269467,Kepler-925 b,CONFIRMED,0,0
11764462,Kepler-884 b,CONFIRMED,0,0
11656246,Kepler-885 b,CONFIRMED,0,0
7808587,Kepler-886 b,CONFIRMED,0,0
4741126,Kepler-887 b,CONFIRMED,0,0
5301750,Kepler-84 b,CONFIRMED,0,0
5301750,Kepler-84 c,CONFIRMED,0,0
5301750,Kepler-84 e,CONFIRMED,0,0
5301750,Kepler-84 d,CONFIRMED,0,0
5301750,Kepler-84 f,CONFIRMED,0,0
5526717,Kepler-926 b,CONFIRMED,0,0
5972334,Kepler-487 d,CONFIRMED,0,0
6034945,Kepler-927 b,CONFIRMED,0,0
8692861,Kepler-69 b,CONFIRMED,0,0
9480310,Kepler-1668 b,CONFIRMED,0,0
4741126,Kepler-887 c,CONFIRMED,0,0
11669125,Kepler-888 b,CONFIRMED,0,0
12159249,Kepler-889 b,CONFIRMED,0,0
5542466,Kepler-1756 b,CONFIRMED,0,0
10028140,Kepler-1757 b,CONFIRMED,0,0
6049190,Kepler-1764 b,CONFIRMED,0,0
6198999,Kepler-928 b,CONFIRMED,0,0
6310636,Kepler-929 b,CONFIRMED,0,0
6616218,Kepler-314 c,CONFIRMED,0,0
7761545,Kepler-857 b,CONFIRMED,0,0
12365184,Kepler-419 b,CONFIRMED,0,0
4770365,Kepler-1669 c,CONFIRMED,0,0
4770365,Kepler-1669 b,CONFIRMED,0,0
10748390,Kepler-3 b,CONFIRMED,0,0
11804465,Kepler-12 b,CONFIRMED,0,0
9663113,Kepler-458 c,CONFIRMED,0,0
5289854,Kepler-308 b,CONFIRMED,0,0
5289854,Kepler-308 c,CONFIRMED,0,0
10006581,Kepler-902 b,CONFIRMED,0,0
6616218,Kepler-314 b,CONFIRMED,0,0
7220429,Kepler-931 b,CONFIRMED,0,0
12406749,Kepler-1752 b,CONFIRMED,0,0
8692861,Kepler-69 c,CONFIRMED,0,0
12403119,Kepler-858 b,CONFIRMED,0,0
10027323,Kepler-309 b,CONFIRMED,0,0
10027323,Kepler-309 c,CONFIRMED,0,0
12019440,Kepler-485 b,CONFIRMED,0,0
10004738,Kepler-310 c,CONFIRMED,0,0
10004738,Kepler-310 d,CONFIRMED,0,0
7304449,Kepler-1650 b,CONFIRMED,0,0
7386827,Kepler-1765 b,CONFIRMED,0,0
7522911,Kepler-1670 b,CONFIRMED,0,0
7626370,Kepler-932 b,CONFIRMED,0,0
7703955,Kepler-315 b,CONFIRMED,0,0
7512982,Kepler-859 b,CONFIRMED,0,0
9597806,Kepler-860 b,CONFIRMED,0,0
9663113,Kepler-458 b,CONFIRMED,0,0
10004738,Kepler-310 b,CONFIRMED,0,0
5474613,Kepler-1659 c,CONFIRMED,0,0
5438757,Kepler-903 b,CONFIRMED,0,0
5438757,Kepler-903 c,CONFIRMED,0,0
5972334,Kepler-487 c,CONFIRMED,0,0
7815744,Kepler-933 b,CONFIRMED,0,0
7955580,Kepler-934 b,CONFIRMED,0,0
8230616,Kepler-316 c,CONFIRMED,0,0
7898352,Kepler-302 c,CONFIRMED,0,0
11402995,Kepler-481 b,CONFIRMED,0,0
7898352,Kepler-302 b,CONFIRMED,0,0
7951018,Kepler-890 b,CONFIRMED,0,0
7747425,Kepler-341 e,CONFIRMED,0,0
9892816,Kepler-342 b,CONFIRMED,0,0
9892816,Kepler-342 d,CONFIRMED,0,0
9836149,Kepler-66 b,CONFIRMED,0,0
4813563,Kepler-1026 b,CONFIRMED,0,0
2985767,Kepler-1063 b,CONFIRMED,0,0
2304320,Kepler-1064 b,CONFIRMED,0,0
3657758,Kepler-1065 b,CONFIRMED,0,0
9790806,Kepler-1066 b,CONFIRMED,0,0
6382217,Kepler-353 c,CONFIRMED,0,0
5375194,Kepler-964 b,CONFIRMED,0,0
6468138,Kepler-965 b,CONFIRMED,0,0
10019708,Kepler-490 b,CONFIRMED,0,0
11875734,Kepler-966 b,CONFIRMED,0,0
7046804,Kepler-492 b,CONFIRMED,0,0
7449136,Kepler-1002 b,CONFIRMED,0,0
8680979,Kepler-330 c,CONFIRMED,0,0
8680979,Kepler-330 b,CONFIRMED,0,0
9030537,Kepler-1674 b,CONFIRMED,0,0
6949061,Kepler-343 b,CONFIRMED,0,0
7269493,Kepler-1027 b,CONFIRMED,0,0
11657891,Kepler-1028 b,CONFIRMED,0,0
6305192,Kepler-494 b,CONFIRMED,0,0
6382217,Kepler-353 b,CONFIRMED,0,0
8950568,Kepler-85 b,CONFIRMED,0,0
3326377,Kepler-967 b,CONFIRMED,0,0
11601584,Kepler-324 c,CONFIRMED,0,0
11601584,Kepler-324 b,CONFIRMED,0,0
11601584,Kepler-324 d,CONFIRMED,0,0
11601584,Kepler-324 e,CONFIRMED,0,0
8689793,Kepler-1003 b,CONFIRMED,0,0
11673802,Kepler-1004 b,CONFIRMED,0,0
4263293,Kepler-331 b,CONFIRMED,0,0
4263293,Kepler-331 c,CONFIRMED,0,0
4263293,Kepler-331 d,CONFIRMED,0,0
5695524,Kepler-1774 b,CONFIRMED,0,0
6205897,Kepler-1029 b,CONFIRMED,0,0
7948784,Kepler-1778 b,CONFIRMED,0,0
9244756,Kepler-1779 b,CONFIRMED,0,0
9650808,Kepler-344 b,CONFIRMED,0,0
9650808,Kepler-344 c,CONFIRMED,0,0
8950568,Kepler-85 c,CONFIRMED,0,0
8950568,Kepler-85 d,CONFIRMED,0,0
8950568,Kepler-85 e,CONFIRMED,0,0
8804845,Kepler-1067 c,CONFIRMED,0,0
10480915,Kepler-1785 b,CONFIRMED,0,0
11709244,Kepler-325 b,CONFIRMED,0,0
11709244,Kepler-325 c,CONFIRMED,0,0
11709244,Kepler-325 d,CONFIRMED,0,0
11853878,Kepler-968 b,CONFIRMED,0,0
5728139,Kepler-433 b,CONFIRMED,0,0
7668663,Kepler-1005 b,CONFIRMED,0,0
7047922,Kepler-1006 b,CONFIRMED,0,0
9353314,Kepler-1007 b,CONFIRMED,0,0
3629967,Kepler-1775 b,CONFIRMED,0,0
9347009,Kepler-1030 b,CONFIRMED,0,0
4917596,Kepler-1032 b,CONFIRMED,0,0
11046458,Kepler-424 b,CONFIRMED,0,0
7132798,Kepler-119 b,CONFIRMED,0,0
3448130,Kepler-1786 b,CONFIRMED,0,0
9656252,Kepler-1068 b,CONFIRMED,0,0
6026438,Kepler-354 b,CONFIRMED,0,0
9471268,Kepler-326 c,CONFIRMED,0,0
9471268,Kepler-326 b,CONFIRMED,0,0
9471268,Kepler-326 d,CONFIRMED,0,0
10657406,Kepler-969 b,CONFIRMED,0,0
5526527,Kepler-970 b,CONFIRMED,0,0
8766650,Kepler-1008 b,CONFIRMED,0,0
10328393,Kepler-332 b,CONFIRMED,0,0
7094486,Kepler-1009 b,CONFIRMED,0,0
7289577,Kepler-1780 b,CONFIRMED,0,0
8543100,Kepler-1033 b,CONFIRMED,0,0
2693736,Kepler-1034 b,CONFIRMED,0,0
9412760,Kepler-345 c,CONFIRMED,0,0
9412760,Kepler-345 b,CONFIRMED,0,0
6026438,Kepler-354 d,CONFIRMED,0,0
10663396,Kepler-1069 b,CONFIRMED,0,0
11457726,Kepler-1070 b,CONFIRMED,0,0
8956206,Kepler-1071 b,CONFIRMED,0,0
9649706,Kepler-1072 b,CONFIRMED,0,0
5856571,Kepler-971 b,CONFIRMED,0,0
7765528,Kepler-972 b,CONFIRMED,0,0
11760231,Kepler-973 b,CONFIRMED,0,0
7779077,Kepler-1770 b,CONFIRMED,0,0
6046540,Kepler-74 b,CONFIRMED,0,0
5706966,Kepler-333 b,CONFIRMED,0,0
3762468,Kepler-493 b,CONFIRMED,0,0
5706966,Kepler-333 c,CONFIRMED,0,0
10130039,Kepler-334 c,CONFIRMED,0,0
10130039,Kepler-334 b,CONFIRMED,0,0
9518318,Kepler-346 b,CONFIRMED,0,0
9518318,Kepler-346 c,CONFIRMED,0,0
7273277,Kepler-1035 b,CONFIRMED,0,0
11769890,Kepler-1036 b,CONFIRMED,0,0
6862721,Kepler-1781 b,CONFIRMED,0,0
12301181,Kepler-1076 b,CONFIRMED,0,0
9279354,Kepler-1788 b,CONFIRMED,0,0
6774880,Kepler-1077 b,CONFIRMED,0,0
3937519,Kepler-495 b,CONFIRMED,0,0
7449541,Kepler-1078 b,CONFIRMED,0,0
5080636,Kepler-974 b,CONFIRMED,0,0
3338885,Kepler-975 b,CONFIRMED,0,0
6776401,Kepler-977 b,CONFIRMED,0,0
10130039,Kepler-334 d,CONFIRMED,0,0
8226050,Kepler-1010 b,CONFIRMED,0,0
9965957,Kepler-1011 b,CONFIRMED,0,0
9704384,Kepler-1012 b,CONFIRMED,0,0
8426567,Kepler-1013 b,CONFIRMED,0,0
10094670,Kepler-1677 b,CONFIRMED,0,0
8142942,Kepler-1782 b,CONFIRMED,0,0
8257205,Kepler-1038 b,CONFIRMED,0,0
9044228,Kepler-1039 b,CONFIRMED,0,0
7265298,Kepler-355 c,CONFIRMED,0,0
7265298,Kepler-355 b,CONFIRMED,0,0
7132798,Kepler-119 c,CONFIRMED,0,0
2307415,Kepler-356 c,CONFIRMED,0,0
7430034,Kepler-978 b,CONFIRMED,0,0
9735426,Kepler-979 b,CONFIRMED,0,0
8826168,Kepler-980 b,CONFIRMED,0,0
10464050,Kepler-981 b,CONFIRMED,0,0
9763348,Kepler-982 b,CONFIRMED,0,0
9101496,Kepler-335 b,CONFIRMED,0,0
6037581,Kepler-336 d,CONFIRMED,0,0
10723750,Kepler-117 c,CONFIRMED,0,0
6037581,Kepler-336 c,CONFIRMED,0,0
6037581,Kepler-336 b,CONFIRMED,0,0
10779233,Kepler-1040 b,CONFIRMED,0,0
11614617,Kepler-1041 b,CONFIRMED,0,0
11450414,Kepler-347 b,CONFIRMED,0,0
4736569,Kepler-1042 b,CONFIRMED,0,0
10384798,Kepler-1043 b,CONFIRMED,0,0
2307415,Kepler-356 b,CONFIRMED,0,0
3128552,Kepler-1073 b,CONFIRMED,0,0
10134152,Kepler-1787 b,CONFIRMED,0,0
9573685,Kepler-1074 b,CONFIRMED,0,0
10329835,Kepler-1075 b,CONFIRMED,0,0
6849046,Kepler-491 b,CONFIRMED,0,0
8804397,Kepler-983 b,CONFIRMED,0,0
9662811,Kepler-984 b,CONFIRMED,0,0
11297236,Kepler-1771 b,CONFIRMED,0,0
10074466,Kepler-1776 b,CONFIRMED,0,0
8218379,Kepler-1014 b,CONFIRMED,0,0
7755636,Kepler-1015 b,CONFIRMED,0,0
9411166,Kepler-1016 b,CONFIRMED,0,0
4989057,Kepler-1017 b,CONFIRMED,0,0
9834040,Kepler-1044 b,CONFIRMED,0,0
6152974,Kepler-118 c,CONFIRMED,0,0
8802693,Kepler-1045 b,CONFIRMED,0,0
6061773,Kepler-1783 b,CONFIRMED,0,0
10024701,Kepler-1046 b,CONFIRMED,0,0
3239671,Kepler-1678 b,CONFIRMED,0,0
9304101,Kepler-1079 b,CONFIRMED,0,0
11360571,Kepler-1080 b,CONFIRMED,0,0
6035124,Kepler-1081 b,CONFIRMED,0,0
8160953,Kepler-985 b,CONFIRMED,0,0
4157325,Kepler-416 b,CONFIRMED,0,0
4157325,Kepler-416 c,CONFIRMED,0,0
9955598,Kepler-409 b,CONFIRMED,0,0
10723750,Kepler-117 b,CONFIRMED,0,0
5770074,Kepler-1675 b,CONFIRMED,0,0
10136549,Kepler-337 c,CONFIRMED,0,0
12154526,Kepler-1047 b,CONFIRMED,0,0
6665512,Kepler-1048 b,CONFIRMED,0,0
10525027,Kepler-1049 b,CONFIRMED,0,0
11069176,Kepler-1050 b,CONFIRMED,0,0
10005758,Kepler-1662 b,CONFIRMED,0,0
5864975,Kepler-950 b,CONFIRMED,0,0
2975770,Kepler-951 b,CONFIRMED,0,0
7877496,Kepler-412 b,CONFIRMED,0,1
7286173,Kepler-986 b,CONFIRMED,0,0
11126381,Kepler-1673 b,CONFIRMED,0,0
4149450,Kepler-1772 b,CONFIRMED,0,0
10136549,Kepler-337 b,CONFIRMED,0,0
5511081,Kepler-338 b,CONFIRMED,0,0
5511081,Kepler-338 c,CONFIRMED,0,0
5511081,Kepler-338 d,CONFIRMED,0,0
5511081,Kepler-338 e,CONFIRMED,0,0
10978763,Kepler-339 b,CONFIRMED,0,0
11069176,Kepler-1050 c,CONFIRMED,0,0
6152974,Kepler-118 b,CONFIRMED,0,0
5631630,Kepler-1051 b,CONFIRMED,0,0
6504954,Kepler-952 b,CONFIRMED,0,0
9410930,Kepler-41 b,CONFIRMED,0,1
10676014,Kepler-954 b,CONFIRMED,0,0
9520838,Kepler-987 b,CONFIRMED,0,0
8167996,Kepler-327 b,CONFIRMED,0,0
8167996,Kepler-327 d,CONFIRMED,0,0
8167996,Kepler-327 c,CONFIRMED,0,0
6773862,Kepler-988 b,CONFIRMED,0,0
10978763,Kepler-339 d,CONFIRMED,0,0
10978763,Kepler-339 c,CONFIRMED,0,0
5202905,Kepler-340 c,CONFIRMED,0,0
9072190,Kepler-1018 b,CONFIRMED,0,0
5384079,Kepler-348 b,CONFIRMED,0,0
9839821,Kepler-1052 b,CONFIRMED,0,0
4056616,Kepler-1053 b,CONFIRMED,0,0
8492026,Kepler-1054 b,CONFIRMED,0,0
11017901,Kepler-447 b,CONFIRMED,0,0
5088591,Kepler-955 b,CONFIRMED,0,0
11298298,Kepler-956 b,CONFIRMED,0,0
10187159,Kepler-989 b,CONFIRMED,0,0
10619192,Kepler-17 b,CONFIRMED,0,1
4939346,Kepler-328 c,CONFIRMED,0,0
10190777,Kepler-1019 b,CONFIRMED,0,0
9651234,Kepler-1020 b,CONFIRMED,0,0
7045496,Kepler-1021 b,CONFIRMED,0,0
8750043,Kepler-1055 b,CONFIRMED,0,0
9973109,Kepler-1056 b,CONFIRMED,0,0
6226290,Kepler-1057 b,CONFIRMED,0,0
9595827,Kepler-71 b,CONFIRMED,0,0
9349482,Kepler-1058 b,CONFIRMED,0,0
4644952,Kepler-319 c,CONFIRMED,0,0
2987027,Kepler-489 b,CONFIRMED,0,0
4644952,Kepler-319 d,CONFIRMED,0,0
4644952,Kepler-319 b,CONFIRMED,0,0
8978528,Kepler-329 c,CONFIRMED,0,0
8978528,Kepler-329 b,CONFIRMED,0,0
9967771,Kepler-990 b,CONFIRMED,0,0
11622600,Kepler-991 b,CONFIRMED,0,0
10454632,Kepler-992 b,CONFIRMED,0,0
10005788,Kepler-1022 b,CONFIRMED,0,0
2438513,Kepler-1777 b,CONFIRMED,0,0
6356207,Kepler-1059 b,CONFIRMED,0,0
8564674,Kepler-349 b,CONFIRMED,0,0
8564674,Kepler-349 c,CONFIRMED,0,0
8578780,Kepler-1784 b,CONFIRMED,0,0
4544907,Kepler-1060 b,CONFIRMED,0,0
7761918,Kepler-1769 b,CONFIRMED,0,0
8240797,Kepler-321 c,CONFIRMED,0,0
8240797,Kepler-321 b,CONFIRMED,0,0
9455325,Kepler-958 b,CONFIRMED,0,0
3098810,Kepler-1773 b,CONFIRMED,0,0
8367644,Kepler-993 b,CONFIRMED,0,0
10332883,Kepler-994 b,CONFIRMED,0,0
9305831,Kepler-44 b,CONFIRMED,0,0
11656918,Kepler-1023 b,CONFIRMED,0,0
4636578,Kepler-350 c,CONFIRMED,0,0
4636578,Kepler-350 d,CONFIRMED,0,0
4636578,Kepler-350 b,CONFIRMED,0,0
11923284,Kepler-1061 b,CONFIRMED,0,0
5621125,Kepler-959 b,CONFIRMED,0,0
9872283,Kepler-960 b,CONFIRMED,0,0
7870032,Kepler-961 b,CONFIRMED,0,0
9597058,Kepler-962 b,CONFIRMED,0,0
4035640,Kepler-995 b,CONFIRMED,0,0
6205228,Kepler-996 b,CONFIRMED,0,0
11758544,Kepler-997 b,CONFIRMED,0,0
3118797,Kepler-1024 b,CONFIRMED,0,0
7747425,Kepler-341 c,CONFIRMED,0,0
7747425,Kepler-341 d,CONFIRMED,0,0
7747425,Kepler-341 b,CONFIRMED,0,0
7102316,Kepler-351 c,CONFIRMED,0,0
7102316,Kepler-351 b,CONFIRMED,0,0
9489524,Kepler-352 c,CONFIRMED,0,0
9489524,Kepler-352 b,CONFIRMED,0,0
5940165,Kepler-1062 b,CONFIRMED,0,0
8277797,Kepler-322 c,CONFIRMED,0,0
8277797,Kepler-322 b,CONFIRMED,0,0
5124667,Kepler-1672 b,CONFIRMED,0,0
2989404,Kepler-323 c,CONFIRMED,0,0
2989404,Kepler-323 b,CONFIRMED,0,0
11413812,Kepler-998 b,CONFIRMED,0,0
9549648,Kepler-999 b,CONFIRMED,0,0
10063802,Kepler-1000 b,CONFIRMED,0,0
11074178,Kepler-1001 b,CONFIRMED,0,0
11074178,Kepler-1001 c,CONFIRMED,0,0
5942808,Kepler-1814 b,CONFIRMED,0,0
6206214,Kepler-1158 b,CONFIRMED,0,0
8959839,Kepler-1159 b,CONFIRMED,0,0
7672097,Kepler-1160 b,CONFIRMED,0,0
5599774,Kepler-1195 b,CONFIRMED,0,0
8099138,Kepler-1196 b,CONFIRMED,0,0
7033233,Kepler-1197 b,CONFIRMED,0,0
6383785,Kepler-501 c,CONFIRMED,0,0
9411412,Kepler-1096 b,CONFIRMED,0,0
7008211,Kepler-1097 b,CONFIRMED,0,0
7620413,Kepler-1098 b,CONFIRMED,0,0
4545187,Kepler-121 b,CONFIRMED,0,0
10854546,Kepler-1099 b,CONFIRMED,0,0
11774991,Kepler-367 b,CONFIRMED,0,0
11774991,Kepler-367 c,CONFIRMED,0,0
8261920,Kepler-1802 c,CONFIRMED,0,0
8261920,Kepler-1802 b,CONFIRMED,0,0
9112931,Kepler-1161 b,CONFIRMED,0,0
9071593,Kepler-1162 b,CONFIRMED,0,0
8126558,Kepler-1815 b,CONFIRMED,0,0
11811193,Kepler-1163 b,CONFIRMED,0,0
3734418,Kepler-1164 b,CONFIRMED,0,0
8681734,Kepler-1198 b,CONFIRMED,0,0
10212441,Kepler-1199 b,CONFIRMED,0,0
8247771,Kepler-1200 b,CONFIRMED,0,0
8165946,Kepler-1100 b,CONFIRMED,0,0
12017109,Kepler-1679 b,CONFIRMED,0,0
9225395,Kepler-1101 b,CONFIRMED,0,0
10709622,Kepler-1102 b,CONFIRMED,0,0
11499228,Kepler-1103 b,CONFIRMED,0,0
9022166,Kepler-368 b,CONFIRMED,0,0
10965588,Kepler-1132 b,CONFIRMED,0,0
10670119,Kepler-369 c,CONFIRMED,0,0
10670119,Kepler-369 b,CONFIRMED,0,0
8491277,Kepler-498 b,CONFIRMED,0,0
8613535,Kepler-1165 c,CONFIRMED,0,0
12256520,Kepler-1166 b,CONFIRMED,0,0
5629538,Kepler-1201 b,CONFIRMED,0,0
8561231,Kepler-1202 b,CONFIRMED,0,0
8235924,Kepler-1203 b,CONFIRMED,0,0
6941084,Kepler-1204 b,CONFIRMED,0,0
6200235,Kepler-1205 b,CONFIRMED,0,0
11460462,Kepler-1104 b,CONFIRMED,0,0
8612275,Kepler-360 b,CONFIRMED,0,0
8612275,Kepler-360 c,CONFIRMED,0,0
7207061,Kepler-417 c,CONFIRMED,0,0
4545187,Kepler-121 c,CONFIRMED,0,0
7286911,Kepler-1133 b,CONFIRMED,0,0
8591173,Kepler-1804 b,CONFIRMED,0,0
6962109,Kepler-1134 b,CONFIRMED,0,0
5706595,Kepler-370 c,CONFIRMED,0,0
5706595,Kepler-370 b,CONFIRMED,0,0
10489345,Kepler-1167 b,CONFIRMED,0,0
10329469,Kepler-1168 b,CONFIRMED,0,0
9717943,Kepler-1169 b,CONFIRMED,0,0
8026752,Kepler-502 b,CONFIRMED,0,0
1872821,Kepler-1828 b,CONFIRMED,0,0
8013439,Kepler-381 c,CONFIRMED,0,0
8013439,Kepler-381 b,CONFIRMED,0,0
8013439,Kepler-381 d,CONFIRMED,0,0
7207061,Kepler-417 b,CONFIRMED,0,0
6921944,Kepler-1105 b,CONFIRMED,0,0
9532052,Kepler-67 b,CONFIRMED,0,0
8164012,Kepler-1106 b,CONFIRMED,0,0
4140813,Kepler-1795 b,CONFIRMED,0,0
8611781,Kepler-1135 b,CONFIRMED,0,0
5601258,Kepler-1805 b,CONFIRMED,0,0
7960980,Kepler-1170 b,CONFIRMED,0,0
8107225,Kepler-499 b,CONFIRMED,0,0
3458028,Kepler-1171 b,CONFIRMED,0,0
3342794,Kepler-376 c,CONFIRMED,0,0
3342794,Kepler-376 b,CONFIRMED,0,0
5716932,Kepler-1830 b,CONFIRMED,0,0
11288051,Kepler-124 c,CONFIRMED,0,0
11566256,Kepler-1831 b,CONFIRMED,0,0
8495415,Kepler-1208 b,CONFIRMED,0,0
4055304,Kepler-1107 b,CONFIRMED,0,0
4857213,Kepler-1680 b,CONFIRMED,0,0
9415108,Kepler-1108 b,CONFIRMED,0,0
4262581,Kepler-1109 b,CONFIRMED,0,0
8591693,Kepler-1796 b,CONFIRMED,0,0
4833421,Kepler-122 c,CONFIRMED,0,0
8282651,Kepler-1136 b,CONFIRMED,0,0
3548044,Kepler-371 b,CONFIRMED,0,0
11401767,Kepler-372 c,CONFIRMED,0,0
10909127,Kepler-1138 b,CONFIRMED,0,0
3661886,Kepler-377 c,CONFIRMED,0,0
3661886,Kepler-377 b,CONFIRMED,0,0
2439243,Kepler-1172 b,CONFIRMED,0,0
9221517,Kepler-1173 b,CONFIRMED,0,0
6751874,Kepler-1174 b,CONFIRMED,0,0
10863608,Kepler-1210 b,CONFIRMED,0,0
5602588,Kepler-1211 b,CONFIRMED,0,0
11288051,Kepler-124 d,CONFIRMED,0,0
9405595,Kepler-1797 b,CONFIRMED,0,0
3546060,Kepler-1110 b,CONFIRMED,0,0
4144576,Kepler-1139 b,CONFIRMED,0,0
8494542,Kepler-1807 b,CONFIRMED,0,0
9992325,Kepler-1140 b,CONFIRMED,0,0
9945370,Kepler-1175 b,CONFIRMED,0,0
8973129,Kepler-1176 b,CONFIRMED,0,0
12505654,Kepler-1829 b,CONFIRMED,0,0
11670125,Kepler-1206 b,CONFIRMED,0,0
11461844,Kepler-1207 b,CONFIRMED,0,0
9351920,Kepler-1111 b,CONFIRMED,0,0
2161536,Kepler-1798 b,CONFIRMED,0,0
10549023,Kepler-1112 b,CONFIRMED,0,0
9661979,Kepler-1681 b,CONFIRMED,0,0
8219268,Kepler-91 b,CONFIRMED,0,0
10531955,Kepler-1141 b,CONFIRMED,0,0
4833421,Kepler-122 b,CONFIRMED,0,0
8168187,Kepler-1142 b,CONFIRMED,0,0
4142847,Kepler-1143 b,CONFIRMED,0,0
10203349,Kepler-1144 b,CONFIRMED,0,0
9718066,Kepler-378 b,CONFIRMED,0,0
3867615,Kepler-379 c,CONFIRMED,0,0
12121570,Kepler-1816 b,CONFIRMED,0,0
8410415,Kepler-1817 b,CONFIRMED,0,0
7987866,Kepler-1832 b,CONFIRMED,0,0
11560897,Kepler-430 b,CONFIRMED,0,0
11342416,Kepler-1209 b,CONFIRMED,0,0
9086251,Kepler-1833 b,CONFIRMED,0,0
4254466,Kepler-1113 b,CONFIRMED,0,0
9904006,Kepler-361 c,CONFIRMED,0,0
9364609,Kepler-1114 b,CONFIRMED,0,0
7457296,Kepler-1145 b,CONFIRMED,0,0
10328458,Kepler-1146 b,CONFIRMED,0,0
4248120,Kepler-1808 b,CONFIRMED,0,0
8321314,Kepler-1683 b,CONFIRMED,0,0
11498128,Kepler-1177 b,CONFIRMED,0,0
8041216,Kepler-500 b,CONFIRMED,0,0
11824786,Kepler-1212 b,CONFIRMED,0,0
12254909,Kepler-1213 b,CONFIRMED,0,0
9364290,Kepler-382 b,CONFIRMED,0,0
9364290,Kepler-382 c,CONFIRMED,0,0
5022828,Kepler-1115 b,CONFIRMED,0,0
8233702,Kepler-1116 b,CONFIRMED,0,0
11403339,Kepler-1117 b,CONFIRMED,0,0
8260902,Kepler-1118 b,CONFIRMED,0,0
8381204,Kepler-1119 b,CONFIRMED,0,0
12058204,Kepler-373 b,CONFIRMED,0,0
12058204,Kepler-373 c,CONFIRMED,0,0
4833421,Kepler-122 d,CONFIRMED,0,0
5357545,Kepler-1809 b,CONFIRMED,0,0
6871071,Kepler-374 c,CONFIRMED,0,0
5342473,Kepler-1818 b,CONFIRMED,0,0
9963265,Kepler-1819 b,CONFIRMED,0,0
10583761,Kepler-1179 b,CONFIRMED,0,0
7542813,Kepler-1180 b,CONFIRMED,0,0
12058147,Kepler-1082 b,CONFIRMED,0,0
8164257,Kepler-357 d,CONFIRMED,0,0
8164257,Kepler-357 b,CONFIRMED,0,0
8164257,Kepler-357 c,CONFIRMED,0,0
6774537,Kepler-1120 b,CONFIRMED,0,0
10404582,Kepler-362 c,CONFIRMED,0,0
5959753,Kepler-496 b,CONFIRMED,0,0
6021193,Kepler-363 d,CONFIRMED,0,0
6021193,Kepler-363 c,CONFIRMED,0,0
6871071,Kepler-374 d,CONFIRMED,0,0
6871071,Kepler-374 b,CONFIRMED,0,0
6287313,Kepler-1147 b,CONFIRMED,0,0
9278725,Kepler-1148 b,CONFIRMED,0,0
4458082,Kepler-1181 b,CONFIRMED,0,0
8042453,Kepler-1182 b,CONFIRMED,0,0
10874215,Kepler-1820 b,CONFIRMED,0,0
3937519,Kepler-495 c,CONFIRMED,0,0
8866137,Kepler-1083 b,CONFIRMED,0,0
10857519,Kepler-1084 b,CONFIRMED,0,0
9517393,Kepler-1085 c,CONFIRMED,0,0
9351316,Kepler-1086 b,CONFIRMED,0,0
6021193,Kepler-363 b,CONFIRMED,0,0
10617017,Kepler-1121 b,CONFIRMED,0,0
9641481,Kepler-1122 b,CONFIRMED,0,0
8892157,Kepler-1149 b,CONFIRMED,0,0
11569782,Kepler-1150 b,CONFIRMED,0,0
4833421,Kepler-122 e,CONFIRMED,0,0
7219825,Kepler-123 b,CONFIRMED,0,0
3749978,Kepler-1183 b,CONFIRMED,0,0
10010440,Kepler-1184 b,CONFIRMED,0,0
11718144,Kepler-1821 b,CONFIRMED,0,0
9473078,Kepler-1087 b,CONFIRMED,0,0
10864531,Kepler-358 c,CONFIRMED,0,0
10864531,Kepler-358 b,CONFIRMED,0,0
9472000,Kepler-1790 b,CONFIRMED,0,0
10253547,Kepler-364 c,CONFIRMED,0,0
10253547,Kepler-364 b,CONFIRMED,0,0
12505076,Kepler-1799 b,CONFIRMED,0,0
12116380,Kepler-1123 b,CONFIRMED,0,0
2556650,Kepler-1124 b,CONFIRMED,0,0
10600955,Kepler-1151 b,CONFIRMED,0,0
4473226,Kepler-1682 b,CONFIRMED,0,0
2854181,Kepler-1810 b,CONFIRMED,0,0
10132832,Kepler-1186 b,CONFIRMED,0,0
3219995,Kepler-1187 b,CONFIRMED,0,0
6062929,Kepler-1822 b,CONFIRMED,0,0
7504778,Kepler-1188 b,CONFIRMED,0,0
7219825,Kepler-123 c,CONFIRMED,0,0
7097965,Kepler-1791 b,CONFIRMED,0,0
4249725,Kepler-120 b,CONFIRMED,0,0
3967326,Kepler-1792 b,CONFIRMED,0,0
6768394,Kepler-60 b,CONFIRMED,0,0
6768394,Kepler-60 c,CONFIRMED,0,0
5211199,Kepler-1800 b,CONFIRMED,0,0
5546761,Kepler-1125 b,CONFIRMED,0,0
9205938,Kepler-1126 b,CONFIRMED,0,0
10723367,Kepler-375 c,CONFIRMED,0,0
10723367,Kepler-375 b,CONFIRMED,0,0
5005121,Kepler-1811 b,CONFIRMED,0,0
4833421,Kepler-122 f,CONFIRMED,0,0
8229458,Kepler-1152 b,CONFIRMED,0,0
10684670,Kepler-1189 b,CONFIRMED,0,0
11495458,Kepler-1190 b,CONFIRMED,0,0
9003401,Kepler-1823 b,CONFIRMED,0,0
5978559,Kepler-1824 b,CONFIRMED,0,0
6768394,Kepler-60 d,CONFIRMED,0,0
6922710,Kepler-1088 b,CONFIRMED,0,0
11348997,Kepler-1089 b,CONFIRMED,0,0
5705819,Kepler-1793 b,CONFIRMED,0,0
6696580,Kepler-359 c,CONFIRMED,0,0
11358389,Kepler-365 b,CONFIRMED,0,0
7204981,Kepler-1127 b,CONFIRMED,0,0
3847907,Kepler-497 b,CONFIRMED,0,0
4370527,Kepler-1128 b,CONFIRMED,0,0
6041734,Kepler-1129 b,CONFIRMED,0,0
5125347,Kepler-1812 b,CONFIRMED,0,0
9336200,Kepler-1153 b,CONFIRMED,0,0
4770617,Kepler-1154 b,CONFIRMED,0,0
4454934,Kepler-1155 b,CONFIRMED,0,0
9458343,Kepler-1156 b,CONFIRMED,0,0
7120108,Kepler-1825 b,CONFIRMED,0,0
10730703,Kepler-1191 b,CONFIRMED,0,0
8007644,Kepler-1192 b,CONFIRMED,0,0
11192235,Kepler-1826 b,CONFIRMED,0,0
6383785,Kepler-501 b,CONFIRMED,0,0
6696580,Kepler-359 b,CONFIRMED,0,0
4249725,Kepler-120 c,CONFIRMED,0,0
8505920,Kepler-1090 c,CONFIRMED,0,0
7918992,Kepler-1091 b,CONFIRMED,0,0
11308499,Kepler-366 b,CONFIRMED,0,0
11308499,Kepler-366 c,CONFIRMED,0,0
9006186,Kepler-1130 b,CONFIRMED,0,0
9006186,Kepler-1130 c,CONFIRMED,0,0
7802719,Kepler-1157 b,CONFIRMED,0,0
11030475,Kepler-1813 b,CONFIRMED,0,0
12401863,Kepler-1193 b,CONFIRMED,0,0
5534941,Kepler-1827 b,CONFIRMED,0,0
11121752,Kepler-380 b,CONFIRMED,0,0
11121752,Kepler-380 c,CONFIRMED,0,0
2990873,Kepler-1194 b,CONFIRMED,0,0
9307509,Kepler-1794 b,CONFIRMED,0,0
10158729,Kepler-1092 b,CONFIRMED,0,0
6105462,Kepler-1093 b,CONFIRMED,0,0
3120355,Kepler-1094 b,CONFIRMED,0,0
6047072,Kepler-1095 b,CONFIRMED,0,0
9006186,Kepler-1130 d,CONFIRMED,0,0
11410904,Kepler-1131 b,CONFIRMED,0,0
4173026,Kepler-1801 b,CONFIRMED,0,0
5350244,Kepler-1276 b,CONFIRMED,0,0
5374403,Kepler-1277 b,CONFIRMED,0,0
1995519,Kepler-1299 b,CONFIRMED,0,0
4914566,Kepler-1300 b,CONFIRMED,0,0
6198182,Kepler-1864 b,CONFIRMED,0,0
10024051,Kepler-1228 b,CONFIRMED,0,0
4349452,Kepler-25 c,CONFIRMED,0,0
8073806,Kepler-1835 b,CONFIRMED,0,0
3234598,Kepler-383 b,CONFIRMED,0,0
10453588,Kepler-1253 b,CONFIRMED,0,0
11125613,Kepler-1254 b,CONFIRMED,0,0
7212184,Kepler-1255 b,CONFIRMED,0,0
9757613,Kepler-26 c,CONFIRMED,0,0
6605493,Kepler-1686 b,CONFIRMED,0,0
7259298,Kepler-1278 b,CONFIRMED,0,0
6211812,Kepler-1865 b,CONFIRMED,0,0
3234598,Kepler-383 c,CONFIRMED,0,0
8611832,Kepler-384 b,CONFIRMED,0,0
8611832,Kepler-384 c,CONFIRMED,0,0
5621586,Kepler-1836 b,CONFIRMED,0,0
9210387,Kepler-1837 b,CONFIRMED,0,0
11852982,Kepler-1712 b,CONFIRMED,0,0
8559152,Kepler-1256 b,CONFIRMED,0,0
2718778,Kepler-1844 b,CONFIRMED,0,0
3122913,Kepler-1845 b,CONFIRMED,0,0
9229657,Kepler-1257 b,CONFIRMED,0,0
5175024,Kepler-1279 b,CONFIRMED,0,0
9026749,Kepler-1280 b,CONFIRMED,0,0
5794240,Kepler-45 b,CONFIRMED,0,0
6933567,Kepler-1301 b,CONFIRMED,0,0
9654468,Kepler-1684 b,CONFIRMED,0,0
4349452,Kepler-25 b,CONFIRMED,0,0
10027247,Kepler-1229 b,CONFIRMED,0,0
6343170,Kepler-1230 b,CONFIRMED,0,0
7107802,Kepler-1231 b,CONFIRMED,0,0
11752632,Kepler-1258 b,CONFIRMED,0,0
10028535,Kepler-1259 b,CONFIRMED,0,0
7047207,Kepler-1260 b,CONFIRMED,0,0
9757613,Kepler-26 d,CONFIRMED,0,0
11962284,Kepler-1302 b,CONFIRMED,0,0
6842682,Kepler-1303 b,CONFIRMED,0,0
8890150,Kepler-395 c,CONFIRMED,0,0
8890150,Kepler-395 b,CONFIRMED,0,0
11360805,Kepler-1232 b,CONFIRMED,0,0
9845898,Kepler-1233 b,CONFIRMED,0,0
12453581,Kepler-1234 b,CONFIRMED,0,0
11179076,Kepler-1261 b,CONFIRMED,0,0
5364071,Kepler-49 b,CONFIRMED,0,0
5959719,Kepler-390 b,CONFIRMED,0,0
7021681,Kepler-505 b,CONFIRMED,0,0
4346178,Kepler-1304 b,CONFIRMED,0,0
9664142,Kepler-1305 b,CONFIRMED,0,0
10018233,Kepler-1306 b,CONFIRMED,0,0
8081899,Kepler-1235 b,CONFIRMED,0,0
8478994,Kepler-37 d,CONFIRMED,0,0
8631504,Kepler-1846 b,CONFIRMED,0,0
8110767,Kepler-1685 b,CONFIRMED,0,0
6767840,Kepler-1262 b,CONFIRMED,0,0
8379705,Kepler-1847 b,CONFIRMED,0,0
9896018,Kepler-1859 b,CONFIRMED,0,0
11037511,Kepler-1281 b,CONFIRMED,0,0
9757613,Kepler-26 e,CONFIRMED,0,0
11818872,Kepler-1860 b,CONFIRMED,0,0
11771430,Kepler-1861 b,CONFIRMED,0,0
5513012,Kepler-1310 b,CONFIRMED,0,0
11253827,Kepler-396 c,CONFIRMED,0,0
7047363,Kepler-1236 b,CONFIRMED,0,0
11968463,Kepler-385 c,CONFIRMED,0,0
11968463,Kepler-385 b,CONFIRMED,0,0
9880190,Kepler-1263 b,CONFIRMED,0,0
5364071,Kepler-49 c,CONFIRMED,0,0
7673841,Kepler-392 b,CONFIRMED,0,0
9827149,Kepler-1282 b,CONFIRMED,0,0
5546691,Kepler-1283 b,CONFIRMED,0,0
12156347,Kepler-1687 b,CONFIRMED,0,0
8547429,Kepler-1866 b,CONFIRMED,0,0
9893318,Kepler-1307 b,CONFIRMED,0,0
8570333,Kepler-1237 b,CONFIRMED,0,0
8478994,Kepler-37 c,CONFIRMED,0,0
5036705,Kepler-1238 b,CONFIRMED,0,0
8947520,Kepler-1264 b,CONFIRMED,0,0
10468885,Kepler-1284 b,CONFIRMED,0,0
3861595,Kepler-1658 b,CONFIRMED,0,0
10489206,Kepler-125 b,CONFIRMED,0,0
3426367,Kepler-1308 b,CONFIRMED,0,0
5562090,Kepler-1309 b,CONFIRMED,0,0
6867555,Kepler-1239 b,CONFIRMED,0,0
5339567,Kepler-1240 b,CONFIRMED,0,0
11080405,Kepler-386 c,CONFIRMED,0,0
10059645,Kepler-1265 b,CONFIRMED,0,0
5364071,Kepler-49 d,CONFIRMED,0,0
7183745,Kepler-1266 b,CONFIRMED,0,0
8212002,Kepler-1285 b,CONFIRMED,0,0
8004903,Kepler-1286 b,CONFIRMED,0,0
8883329,Kepler-393 b,CONFIRMED,0,0
8883329,Kepler-393 c,CONFIRMED,0,0
11253827,Kepler-396 b,CONFIRMED,0,0
5514383,Kepler-506 b,CONFIRMED,0,0
8022489,Kepler-1311 d,CONFIRMED,0,0
8022489,Kepler-1311 b,CONFIRMED,0,0
8022489,Kepler-1311 c,CONFIRMED,0,0
9209624,Kepler-387 b,CONFIRMED,0,0
9209624,Kepler-387 c,CONFIRMED,0,0
3354846,Kepler-1241 b,CONFIRMED,0,0
8478994,Kepler-37 b,CONFIRMED,0,0
7183745,Kepler-1266 c,CONFIRMED,0,0
9177629,Kepler-1848 b,CONFIRMED,0,0
7778767,Kepler-1267 b,CONFIRMED,0,0
7515762,Kepler-1268 b,CONFIRMED,0,0
5942949,Kepler-1849 b,CONFIRMED,0,0
12120307,Kepler-394 b,CONFIRMED,0,0
12120307,Kepler-394 c,CONFIRMED,0,0
12120307,Kepler-394 d,CONFIRMED,0,0
11701407,Kepler-1214 b,CONFIRMED,0,0
11288051,Kepler-124 b,CONFIRMED,0,0
10813132,Kepler-1215 b,CONFIRMED,0,0
5857540,Kepler-1242 b,CONFIRMED,0,0
7289317,Kepler-1243 b,CONFIRMED,0,0
7879433,Kepler-1850 b,CONFIRMED,0,0
9205907,Kepler-1851 b,CONFIRMED,0,0
8463346,Kepler-436 c,CONFIRMED,0,0
5364071,Kepler-49 e,CONFIRMED,0,0
10489206,Kepler-125 c,CONFIRMED,0,0
10068659,Kepler-1287 b,CONFIRMED,0,0
9395024,Kepler-1216 b,CONFIRMED,0,0
8478994,Kepler-37 e,CONFIRMED,1,0
9753154,Kepler-1244 b,CONFIRMED,0,0
9011825,Kepler-1269 b,CONFIRMED,0,0
5174858,Kepler-1852 b,CONFIRMED,0,0
11074835,Kepler-1270 b,CONFIRMED,0,0
1996180,Kepler-1271 b,CONFIRMED,0,0
6269070,Kepler-1288 b,CONFIRMED,0,0
12254378,Kepler-1217 b,CONFIRMED,0,0
7604328,Kepler-1245 b,CONFIRMED,0,0
11236244,Kepler-1246 b,CONFIRMED,0,0
9837685,Kepler-1247 b,CONFIRMED,0,0
5042210,Kepler-1838 b,CONFIRMED,0,0
12454461,Kepler-1248 b,CONFIRMED,0,0
9635606,Kepler-1853 b,CONFIRMED,0,0
3728701,Kepler-1272 b,CONFIRMED,0,0
1849702,Kepler-1854 b,CONFIRMED,0,0
9390653,Kepler-504 b,CONFIRMED,0,0
11187837,Kepler-1663 b,CONFIRMED,0,0
8025596,Kepler-1290 b,CONFIRMED,0,0
8494617,Kepler-1218 b,CONFIRMED,0,0
10289119,Kepler-1219 b,CONFIRMED,0,0
7382313,Kepler-1220 b,CONFIRMED,0,0
8544992,Kepler-388 b,CONFIRMED,0,0
8544992,Kepler-388 c,CONFIRMED,0,0
11295426,Kepler-68 b,CONFIRMED,0,0
12306058,Kepler-391 b,CONFIRMED,0,0
6183511,Kepler-1855 b,CONFIRMED,0,0
12469800,Kepler-1856 b,CONFIRMED,0,0
4915638,Kepler-1291 b,CONFIRMED,0,0
8081905,Kepler-1292 b,CONFIRMED,0,0
11465950,Kepler-1862 b,CONFIRMED,0,0
4665571,Kepler-1834 b,CONFIRMED,0,0
9269042,Kepler-1221 b,CONFIRMED,0,0
11461433,Kepler-1222 b,CONFIRMED,0,0
11818607,Kepler-1839 b,CONFIRMED,0,0
8380709,Kepler-1249 b,CONFIRMED,0,0
6149910,Kepler-1840 b,CONFIRMED,0,0
5436013,Kepler-1841 b,CONFIRMED,0,0
8676148,Kepler-1273 b,CONFIRMED,0,0
9696358,Kepler-1274 b,CONFIRMED,0,0
4484336,Kepler-1857 b,CONFIRMED,0,0
9757613,Kepler-26 b,CONFIRMED,0,0
10916600,Kepler-1293 b,CONFIRMED,0,0
8429314,Kepler-1294 b,CONFIRMED,0,0
9153570,Kepler-1295 b,CONFIRMED,0,0
11768142,Kepler-1652 b,CONFIRMED,0,0
8481129,Kepler-1223 b,CONFIRMED,0,0
2142522,Kepler-1224 b,CONFIRMED,0,0
9395719,Kepler-1250 b,CONFIRMED,0,0
8753896,Kepler-389 b,CONFIRMED,0,0
11295426,Kepler-68 c,CONFIRMED,0,0
8757824,Kepler-1275 b,CONFIRMED,0,0
9832208,Kepler-1858 b,CONFIRMED,0,0
6124512,Kepler-1296 b,CONFIRMED,0,0
10070468,Kepler-1297 b,CONFIRMED,0,0
7584650,Kepler-1863 b,CONFIRMED,0,0
11337566,Kepler-1298 b,CONFIRMED,0,0
5007345,Kepler-1225 b,CONFIRMED,0,0
12120484,Kepler-1226 b,CONFIRMED,0,0
6429812,Kepler-1227 b,CONFIRMED,0,0
6846911,Kepler-1842 b,CONFIRMED,0,0
5963582,Kepler-1843 b,CONFIRMED,0,0
11403389,Kepler-1251 b,CONFIRMED,0,0
9851662,Kepler-1252 b,CONFIRMED,0,0
8758204,Kepler-1881 b,CONFIRMED,0,0
8733898,Kepler-446 b,CONFIRMED,0,0
8733898,Kepler-446 d,CONFIRMED,0,0
10332213,Kepler-1885 b,CONFIRMED,0,0
7090524,Kepler-1386 b,CONFIRMED,0,0
11133306,Kepler-509 b,CONFIRMED,0,0
5871985,Kepler-1318 b,CONFIRMED,0,0
8292840,Kepler-126 d,CONFIRMED,0,0
9730163,Kepler-445 c,CONFIRMED,0,0
9730163,Kepler-445 b,CONFIRMED,0,0
11453592,Kepler-1319 b,CONFIRMED,0,0
10591855,Kepler-1367 b,CONFIRMED,0,0
7749773,Kepler-1882 b,CONFIRMED,0,0
9451706,Kepler-127 b,CONFIRMED,0,0
10064256,Kepler-1692 b,CONFIRMED,0,0
7609553,Kepler-1387 b,CONFIRMED,0,0
10122538,Kepler-1388 b,CONFIRMED,0,0
10122538,Kepler-1388 c,CONFIRMED,0,0
5480640,Kepler-399 d,CONFIRMED,0,0
5480640,Kepler-399 b,CONFIRMED,0,0
5480640,Kepler-399 c,CONFIRMED,0,0
5175986,Kepler-1320 b,CONFIRMED,0,0
9008737,Kepler-404 b,CONFIRMED,0,0
9008737,Kepler-404 c,CONFIRMED,0,0
6521045,Kepler-100 b,CONFIRMED,0,0
6294819,Kepler-1368 b,CONFIRMED,0,0
11401755,Kepler-36 c,CONFIRMED,0,0
8292840,Kepler-126 c,CONFIRMED,0,0
5272233,Kepler-400 b,CONFIRMED,0,0
5272233,Kepler-400 c,CONFIRMED,0,0
5688910,Kepler-1369 b,CONFIRMED,0,0
6345732,Kepler-1370 b,CONFIRMED,0,0
6345732,Kepler-1370 c,CONFIRMED,0,0
8611257,Kepler-1389 b,CONFIRMED,0,0
10880507,Kepler-1390 b,CONFIRMED,0,0
12206313,Kepler-401 b,CONFIRMED,0,0
12206313,Kepler-401 c,CONFIRMED,0,0
9837661,Kepler-1321 b,CONFIRMED,0,0
7769819,Kepler-1342 b,CONFIRMED,0,0
11874577,Kepler-1875 b,CONFIRMED,0,0
12164564,Kepler-1343 b,CONFIRMED,0,0
10397751,Kepler-1371 b,CONFIRMED,0,0
10397751,Kepler-1371 c,CONFIRMED,0,0
9642292,Kepler-1392 b,CONFIRMED,0,0
6356692,Kepler-1888 b,CONFIRMED,0,0
4991208,Kepler-1393 b,CONFIRMED,0,0
9837661,Kepler-1321 c,CONFIRMED,0,0
9837661,Kepler-1321 d,CONFIRMED,0,0
9092504,Kepler-1322 b,CONFIRMED,0,0
5383248,Kepler-96 b,CONFIRMED,0,0
9092504,Kepler-1322 c,CONFIRMED,0,0
10001368,Kepler-1344 b,CONFIRMED,0,0
9466429,Kepler-1345 b,CONFIRMED,0,0
8885643,Kepler-1346 b,CONFIRMED,0,0
5652893,Kepler-1347 b,CONFIRMED,0,0
8681833,Kepler-1372 b,CONFIRMED,0,0
4138951,Kepler-1373 b,CONFIRMED,0,0
3102384,Kepler-454 b,CONFIRMED,0,0
10471515,Kepler-1395 b,CONFIRMED,0,0
8760040,Kepler-1396 b,CONFIRMED,0,0
10098844,Kepler-1397 b,CONFIRMED,0,0
9467404,Kepler-1323 b,CONFIRMED,0,0
5184911,Kepler-1324 b,CONFIRMED,0,0
6587105,Kepler-1325 b,CONFIRMED,0,0
11662184,Kepler-1348 b,CONFIRMED,0,0
11127479,Kepler-1349 b,CONFIRMED,0,0
8884274,Kepler-1374 b,CONFIRMED,0,0
7767162,Kepler-1375 b,CONFIRMED,0,0
4385148,Kepler-1886 b,CONFIRMED,0,0
9838468,Kepler-1391 b,CONFIRMED,0,0
8617363,Kepler-1887 b,CONFIRMED,0,0
11401755,Kepler-36 b,CONFIRMED,0,0
7673192,Kepler-402 c,CONFIRMED,0,0
7673192,Kepler-402 e,CONFIRMED,0,0
7673192,Kepler-402 b,CONFIRMED,0,0
7673192,Kepler-402 d,CONFIRMED,0,0
11807274,Kepler-50 b,CONFIRMED,0,0
7670943,Kepler-1713 b,CONFIRMED,0,0
6697756,Kepler-1351 b,CONFIRMED,0,0
5905822,Kepler-1876 b,CONFIRMED,0,0
10793172,Kepler-1693 b,CONFIRMED,0,0
10793172,Kepler-1693 c,CONFIRMED,0,0
8801316,Kepler-1394 b,CONFIRMED,0,0
12314973,Kepler-450 b,CONFIRMED,0,0
3346154,Kepler-1871 b,CONFIRMED,0,0
5775129,Kepler-1691 b,CONFIRMED,0,0
9898447,Kepler-1877 b,CONFIRMED,0,0
11135308,Kepler-1352 b,CONFIRMED,0,0
6521045,Kepler-100 d,CONFIRMED,0,0
8077137,Kepler-128 b,CONFIRMED,0,0
7019524,Kepler-1376 b,CONFIRMED,0,0
5106313,Kepler-1694 b,CONFIRMED,0,0
9825174,Kepler-1377 b,CONFIRMED,0,0
5980783,Kepler-1889 b,CONFIRMED,0,0
12008872,Kepler-1327 b,CONFIRMED,0,0
8415200,Kepler-1328 b,CONFIRMED,0,0
9886361,Kepler-403 b,CONFIRMED,0,0
9886361,Kepler-403 c,CONFIRMED,0,0
6528464,Kepler-449 b,CONFIRMED,0,0
5209845,Kepler-1378 b,CONFIRMED,0,0
6129524,Kepler-1379 b,CONFIRMED,0,0
5794570,Kepler-1312 b,CONFIRMED,0,0
5794570,Kepler-1312 c,CONFIRMED,0,0
6779260,Kepler-1313 b,CONFIRMED,0,0
11807274,Kepler-50 c,CONFIRMED,0,0
5953297,Kepler-1688 b,CONFIRMED,0,0
7659389,Kepler-1872 b,CONFIRMED,0,0
9472074,Kepler-1873 b,CONFIRMED,0,0
10842192,Kepler-1329 b,CONFIRMED,0,0
2442448,Kepler-1354 b,CONFIRMED,0,0
11283615,Kepler-1355 b,CONFIRMED,0,0
7605093,Kepler-1356 b,CONFIRMED,0,0
8077137,Kepler-128 c,CONFIRMED,0,0
7463685,Kepler-1884 b,CONFIRMED,0,0
6878240,Kepler-397 c,CONFIRMED,0,0
6878240,Kepler-397 b,CONFIRMED,0,0
4831728,Kepler-1330 b,CONFIRMED,0,0
6528464,Kepler-449 c,CONFIRMED,0,0
11963206,Kepler-1357 b,CONFIRMED,0,0
8263545,Kepler-1878 b,CONFIRMED,0,0
6937402,Kepler-1380 b,CONFIRMED,0,0
7826659,Kepler-1868 b,CONFIRMED,0,0
8095441,Kepler-1332 b,CONFIRMED,0,0
5881813,Kepler-1333 b,CONFIRMED,0,0
12456601,Kepler-1334 b,CONFIRMED,0,0
7428736,Kepler-1358 b,CONFIRMED,0,0
11129258,Kepler-1381 b,CONFIRMED,0,0
10586004,Kepler-129 b,CONFIRMED,0,0
7202957,Kepler-1869 b,CONFIRMED,0,0
6521045,Kepler-100 c,CONFIRMED,0,0
8892303,Kepler-1314 b,CONFIRMED,0,0
5369827,Kepler-1870 b,CONFIRMED,0,0
6586746,Kepler-1335 b,CONFIRMED,0,0
9962455,Kepler-1336 b,CONFIRMED,0,0
9962455,Kepler-1336 c,CONFIRMED,0,0
6436029,Kepler-1359 b,CONFIRMED,0,0
6197215,Kepler-1879 b,CONFIRMED,0,0
9451706,Kepler-127 d,CONFIRMED,0,0
9244508,Kepler-1360 b,CONFIRMED,0,0
3969687,Kepler-1382 b,CONFIRMED,0,0
6716545,Kepler-1383 b,CONFIRMED,0,0
5185897,Kepler-398 b,CONFIRMED,0,0
5185897,Kepler-398 c,CONFIRMED,0,0
5185897,Kepler-398 d,CONFIRMED,0,0
9881077,Kepler-1337 b,CONFIRMED,0,0
6265792,Kepler-1338 b,CONFIRMED,0,0
9995402,Kepler-1361 b,CONFIRMED,0,0
5609593,Kepler-1362 b,CONFIRMED,0,0
5436338,Kepler-1880 b,CONFIRMED,0,0
11414465,Kepler-1363 b,CONFIRMED,0,0
10586004,Kepler-129 c,CONFIRMED,0,0
4483138,Kepler-1384 b,CONFIRMED,0,0
9475552,Kepler-1315 b,CONFIRMED,0,0
9475552,Kepler-1315 c,CONFIRMED,0,0
8292840,Kepler-126 b,CONFIRMED,0,0
10905911,Kepler-1339 b,CONFIRMED,0,0
3545135,Kepler-1689 b,CONFIRMED,0,0
6964929,Kepler-1340 b,CONFIRMED,0,0
6432345,Kepler-1690 b,CONFIRMED,0,0
11565924,Kepler-1364 b,CONFIRMED,0,0
6607357,Kepler-1365 b,CONFIRMED,0,0
6607357,Kepler-1365 c,CONFIRMED,0,0
9451706,Kepler-127 c,CONFIRMED,0,0
6186964,Kepler-1366 b,CONFIRMED,0,0
9693006,Kepler-1385 b,CONFIRMED,0,0
5128673,Kepler-1316 b,CONFIRMED,0,0
6690836,Kepler-1317 b,CONFIRMED,0,0
7877978,Kepler-1874 b,CONFIRMED,0,0
12024120,Kepler-507 b,CONFIRMED,0,0
8210018,Kepler-1341 b,CONFIRMED,0,0
3642289,Kepler-135 b,CONFIRMED,0,0
3642289,Kepler-135 c,CONFIRMED,0,0
3662838,Kepler-516 b,CONFIRMED,0,0
5966322,Kepler-517 b,CONFIRMED,0,0
6029239,Kepler-518 b,CONFIRMED,0,0
12404954,Kepler-537 b,CONFIRMED,0,0
9070666,Kepler-1408 b,CONFIRMED,0,0
3642335,Kepler-1410 b,CONFIRMED,0,0
9020114,Kepler-1901 b,CONFIRMED,0,0
6196457,Kepler-92 b,CONFIRMED,0,0
6063220,Kepler-99 b,CONFIRMED,0,0
6071903,Kepler-519 b,CONFIRMED,0,0
6289257,Kepler-520 b,CONFIRMED,0,0
10905239,Kepler-101 b,CONFIRMED,0,0
11623629,Kepler-538 b,CONFIRMED,0,0
4815520,Kepler-1656 b,CONFIRMED,0,0
7175184,Kepler-144 b,CONFIRMED,0,0
7347246,Kepler-1411 b,CONFIRMED,0,0
11403530,Kepler-1412 b,CONFIRMED,0,0
5088536,Kepler-130 b,CONFIRMED,0,0
6609270,Kepler-1902 b,CONFIRMED,0,0
12406807,Kepler-1903 b,CONFIRMED,0,0
5096590,Kepler-1424 b,CONFIRMED,0,0
9650989,Kepler-1905 b,CONFIRMED,0,0
6289257,Kepler-520 c,CONFIRMED,0,0
6291837,Kepler-1715 b,CONFIRMED,0,0
7050989,Kepler-136 b,CONFIRMED,0,0
7175184,Kepler-144 c,CONFIRMED,0,0
8494142,Kepler-145 c,CONFIRMED,0,0
11554435,Kepler-63 b,CONFIRMED,0,0
8494142,Kepler-145 b,CONFIRMED,0,0
6471021,Kepler-539 b,CONFIRMED,0,0
8709688,Kepler-1893 b,CONFIRMED,0,0
11618601,Kepler-1894 b,CONFIRMED,0,0
7582689,Kepler-431 d,CONFIRMED,0,0
7582689,Kepler-431 b,CONFIRMED,0,0
7582689,Kepler-431 c,CONFIRMED,0,0
6196457,Kepler-92 c,CONFIRMED,0,0
7050989,Kepler-136 c,CONFIRMED,0,0
7419318,Kepler-137 c,CONFIRMED,0,0
7419318,Kepler-137 b,CONFIRMED,0,0
7603200,Kepler-138 c,CONFIRMED,0,0
7603200,Kepler-138 d,CONFIRMED,0,0
10905239,Kepler-101 c,CONFIRMED,0,0
7364176,Kepler-1718 b,CONFIRMED,0,0
8686097,Kepler-540 b,CONFIRMED,0,0
12356617,Kepler-1704 b,CONFIRMED,0,0
3323887,Kepler-9 b,CONFIRMED,0,0
9716391,Kepler-1413 b,CONFIRMED,0,0
6929841,Kepler-1414 b,CONFIRMED,0,0
5088536,Kepler-130 d,CONFIRMED,0,0
11508644,Kepler-1426 b,CONFIRMED,0,0
8895758,Kepler-1427 b,CONFIRMED,0,0
7603200,Kepler-138 b,CONFIRMED,0,0
7700622,Kepler-1716 b,CONFIRMED,0,0
8008067,Kepler-139 b,CONFIRMED,0,0
8008067,Kepler-139 c,CONFIRMED,0,0
3323887,Kepler-9 c,CONFIRMED,0,0
3323887,Kepler-9 d,CONFIRMED,0,0
11137180,Kepler-1895 b,CONFIRMED,0,0
3756264,Kepler-1906 b,CONFIRMED,0,0
11572193,Kepler-1428 b,CONFIRMED,0,0
11285870,Kepler-1429 b,CONFIRMED,0,0
6196457,Kepler-92 d,CONFIRMED,0,0
8121310,Kepler-521 b,CONFIRMED,0,0
8156120,Kepler-522 b,CONFIRMED,0,0
8753657,Kepler-406 b,CONFIRMED,0,0
3942670,Kepler-147 c,CONFIRMED,0,0
3942670,Kepler-147 b,CONFIRMED,0,0
10585738,Kepler-1415 b,CONFIRMED,0,1
7676423,Kepler-1430 b,CONFIRMED,0,0
11714231,Kepler-1431 b,CONFIRMED,0,0
11720424,Kepler-1432 b,CONFIRMED,0,0
8753657,Kepler-406 c,CONFIRMED,0,0
9139084,Kepler-523 b,CONFIRMED,0,0
3353050,Kepler-541 b,CONFIRMED,0,0
3446746,Kepler-542 b,CONFIRMED,0,0
5695396,Kepler-131 b,CONFIRMED,0,0
8051946,Kepler-1416 b,CONFIRMED,0,0
5445681,Kepler-1417 b,CONFIRMED,0,0
11499192,Kepler-1433 b,CONFIRMED,0,0
12416661,Kepler-1434 b,CONFIRMED,0,0
9881662,Kepler-140 b,CONFIRMED,0,0
9881662,Kepler-140 c,CONFIRMED,0,0
3656121,Kepler-146 b,CONFIRMED,0,0
3656121,Kepler-146 c,CONFIRMED,0,0
3733628,Kepler-543 b,CONFIRMED,0,0
3831053,Kepler-1719 b,CONFIRMED,0,0
5092266,Kepler-1896 b,CONFIRMED,0,0
8751796,Kepler-1435 b,CONFIRMED,0,0
9907129,Kepler-1436 b,CONFIRMED,0,0
9527334,Kepler-461 b,CONFIRMED,0,0
11361646,Kepler-524 b,CONFIRMED,0,0
11361646,Kepler-524 c,CONFIRMED,0,0
10285631,Kepler-525 b,CONFIRMED,0,0
3964109,Kepler-544 b,CONFIRMED,0,0
3544595,Kepler-93 b,CONFIRMED,0,0
5695396,Kepler-131 c,CONFIRMED,0,0
9714550,Kepler-1695 b,CONFIRMED,0,0
6263593,Kepler-1418 b,CONFIRMED,0,0
10252275,Kepler-1907 c,CONFIRMED,0,0
10252275,Kepler-1907 b,CONFIRMED,0,0
11455181,Kepler-1437 b,CONFIRMED,0,0
10290666,Kepler-526 b,CONFIRMED,0,0
10337258,Kepler-527 b,CONFIRMED,0,0
12314973,Kepler-450 c,CONFIRMED,0,0
5450893,Kepler-1890 b,CONFIRMED,0,0
2716801,Kepler-1419 b,CONFIRMED,0,0
7216284,Kepler-1420 b,CONFIRMED,0,0
6945786,Kepler-1909 b,CONFIRMED,0,0
5978170,Kepler-1910 b,CONFIRMED,0,0
5440317,Kepler-1438 b,CONFIRMED,0,0
10545066,Kepler-528 b,CONFIRMED,0,0
10552611,Kepler-141 c,CONFIRMED,0,0
10552611,Kepler-141 b,CONFIRMED,0,0
10587105,Kepler-529 b,CONFIRMED,0,0
10587105,Kepler-529 c,CONFIRMED,0,0
11090556,Kepler-1398 b,CONFIRMED,0,0
11090556,Kepler-1398 c,CONFIRMED,0,0
3234843,Kepler-405 c,CONFIRMED,0,0
6021275,Kepler-132 d,CONFIRMED,0,0
3234843,Kepler-405 b,CONFIRMED,0,0
5688790,Kepler-1439 b,CONFIRMED,0,0
10908248,Kepler-1440 b,CONFIRMED,0,0
10878263,Kepler-414 c,CONFIRMED,0,0
10878263,Kepler-414 b,CONFIRMED,0,0
10982872,Kepler-142 c,CONFIRMED,0,0
10982872,Kepler-142 b,CONFIRMED,0,0
4141376,Kepler-1655 b,CONFIRMED,0,0
9468551,Kepler-1399 b,CONFIRMED,0,0
9076971,Kepler-1400 b,CONFIRMED,0,0
8360640,Kepler-1891 b,CONFIRMED,0,0
11019987,Kepler-1421 b,CONFIRMED,0,0
10924562,Kepler-1422 b,CONFIRMED,0,0
7534267,Kepler-1441 b,CONFIRMED,0,0
9592705,Kepler-1714 b,CONFIRMED,0,0
10386922,Kepler-511 c,CONFIRMED,0,0
10386922,Kepler-511 b,CONFIRMED,0,0
10982872,Kepler-142 d,CONFIRMED,0,0
11015108,Kepler-530 b,CONFIRMED,0,0
11074541,Kepler-531 b,CONFIRMED,0,0
11100383,Kepler-532 b,CONFIRMED,0,0
6636320,Kepler-1892 b,CONFIRMED,0,0
4067925,Kepler-1897 b,CONFIRMED,0,0
6021275,Kepler-132 c,CONFIRMED,0,0
10933561,Kepler-133 c,CONFIRMED,0,0
10933561,Kepler-133 b,CONFIRMED,0,0
11075737,Kepler-97 b,CONFIRMED,0,0
11194032,Kepler-533 b,CONFIRMED,0,0
11394027,Kepler-1664 b,CONFIRMED,0,0
11442793,Kepler-90 h,CONFIRMED,0,0
5520547,Kepler-1401 b,CONFIRMED,0,0
8866102,Kepler-410 A b,CONFIRMED,0,0
4143755,Kepler-510 b,CONFIRMED,0,0
11244137,Kepler-1402 b,CONFIRMED,0,0
5865654,Kepler-1423 b,CONFIRMED,0,0
11259686,Kepler-512 b,CONFIRMED,0,0
11547513,Kepler-134 b,CONFIRMED,0,0
11547513,Kepler-134 c,CONFIRMED,0,0
11802615,Kepler-513 b,CONFIRMED,0,0
11442793,Kepler-90 g,CONFIRMED,0,0
11442793,Kepler-90 d,CONFIRMED,0,0
11521793,Kepler-143 c,CONFIRMED,0,0
11566064,Kepler-1717 b,CONFIRMED,0,0
3848275,Kepler-1403 b,CONFIRMED,0,0
12021625,Kepler-1404 b,CONFIRMED,0,0
4175630,Kepler-1405 b,CONFIRMED,0,0
3328080,Kepler-1898 b,CONFIRMED,0,0
8430964,Kepler-1900 b,CONFIRMED,0,0
6021275,Kepler-132 b,CONFIRMED,0,0
11905011,Kepler-514 b,CONFIRMED,0,0
12785320,Kepler-515 b,CONFIRMED,0,0
2692377,Kepler-98 b,CONFIRMED,0,0
11568987,Kepler-534 b,CONFIRMED,0,0
11568987,Kepler-534 c,CONFIRMED,0,0
11621223,Kepler-535 b,CONFIRMED,0,0
11624249,Kepler-536 b,CONFIRMED,0,0
3852655,Kepler-1406 b,CONFIRMED,0,0
5088536,Kepler-130 c,CONFIRMED,0,0
6103377,Kepler-1407 b,CONFIRMED,0,0
8037145,Kepler-176 d,CONFIRMED,0,0
8806123,Kepler-177 c,CONFIRMED,0,0
8806123,Kepler-177 b,CONFIRMED,0,0
8355239,Kepler-189 b,CONFIRMED,0,0
8367113,Kepler-606 b,CONFIRMED,0,0
8558011,Kepler-607 c,CONFIRMED,0,0
9115800,Kepler-548 b,CONFIRMED,0,0
9478990,Kepler-39 b,CONFIRMED,0,0
6850504,Kepler-20 e,CONFIRMED,0,0
10934674,Kepler-567 b,CONFIRMED,465,0
10990886,Kepler-568 b,CONFIRMED,0,0
11015323,Kepler-569 b,CONFIRMED,0,0
11134879,Kepler-570 b,CONFIRMED,0,0
11192998,Kepler-166 b,CONFIRMED,0,0
8934495,Kepler-1721 b,CONFIRMED,0,0
5866724,Kepler-65 c,CONFIRMED,0,0
9157634,Kepler-586 b,CONFIRMED,0,0
8565266,Kepler-608 b,CONFIRMED,0,0
8616637,Kepler-190 b,CONFIRMED,0,0
8616637,Kepler-190 c,CONFIRMED,0,0
8625925,Kepler-609 b,CONFIRMED,0,0
8822216,Kepler-610 b,CONFIRMED,0,0
10189546,Kepler-549 b,CONFIRMED,0,0
10189546,Kepler-549 c,CONFIRMED,0,0
11192998,Kepler-166 d,CONFIRMED,0,0
11192998,Kepler-166 c,CONFIRMED,0,0
11497977,Kepler-571 b,CONFIRMED,0,0
9941859,Kepler-178 b,CONFIRMED,0,0
9941859,Kepler-178 d,CONFIRMED,0,0
9941859,Kepler-178 c,CONFIRMED,0,0
10266615,Kepler-587 b,CONFIRMED,0,0
6444896,Kepler-1649 c,CONFIRMED,1,0
8822216,Kepler-610 c,CONFIRMED,0,0
9020160,Kepler-191 d,CONFIRMED,0,0
7941200,Kepler-1709 b,CONFIRMED,0,0
9020160,Kepler-191 c,CONFIRMED,0,0
9020160,Kepler-191 b,CONFIRMED,0,0
10418224,Kepler-40 b,CONFIRMED,0,0
10616679,Kepler-550 b,CONFIRMED,0,0
10717241,Kepler-551 b,CONFIRMED,0,0
10843590,Kepler-153 b,CONFIRMED,0,0
6850504,Kepler-20 f,CONFIRMED,0,0
12061222,Kepler-572 b,CONFIRMED,0,0
12404305,Kepler-573 b,CONFIRMED,0,0
12834874,Kepler-574 b,CONFIRMED,0,0
2557816,Kepler-575 b,CONFIRMED,0,0
10454313,Kepler-588 b,CONFIRMED,0,0
10513530,Kepler-589 b,CONFIRMED,0,0
5866724,Kepler-65 b,CONFIRMED,0,0
10513530,Kepler-589 c,CONFIRMED,0,0
10554999,Kepler-179 c,CONFIRMED,0,0
9076513,Kepler-611 b,CONFIRMED,0,0
9146018,Kepler-192 b,CONFIRMED,0,0
9146018,Kepler-192 c,CONFIRMED,0,0
9146018,Kepler-192 d,CONFIRMED,0,0
9279669,Kepler-612 b,CONFIRMED,0,0
10843590,Kepler-153 c,CONFIRMED,0,0
10858832,Kepler-552 b,CONFIRMED,0,0
10937029,Kepler-553 b,CONFIRMED,0,0
10937029,Kepler-553 c,CONFIRMED,0,0
3239945,Kepler-167 b,CONFIRMED,0,0
10187017,Kepler-102 e,CONFIRMED,0,0
3239945,Kepler-167 e,CONFIRMED,0,0
10554999,Kepler-179 b,CONFIRMED,0,0
10873260,Kepler-590 b,CONFIRMED,0,0
10965008,Kepler-591 b,CONFIRMED,0,0
11073351,Kepler-592 b,CONFIRMED,0,0
11090765,Kepler-593 b,CONFIRMED,0,0
9570741,Kepler-613 b,CONFIRMED,0,0
9607164,Kepler-614 b,CONFIRMED,0,0
9631762,Kepler-615 b,CONFIRMED,0,0
6462863,Kepler-89 d,CONFIRMED,0,0
9782691,Kepler-193 b,CONFIRMED,0,0
11709124,Kepler-154 d,CONFIRMED,0,0
12302530,Kepler-155 b,CONFIRMED,0,0
11904151,Kepler-10 b,CONFIRMED,0,0
3239945,Kepler-167 c,CONFIRMED,0,0
3239945,Kepler-167 d,CONFIRMED,0,0
3559935,Kepler-576 b,CONFIRMED,0,0
3966801,Kepler-577 b,CONFIRMED,0,0
11656721,Kepler-594 b,CONFIRMED,0,0
11853905,Kepler-4 b,CONFIRMED,0,0
5866724,Kepler-65 d,CONFIRMED,0,0
11669239,Kepler-180 c,CONFIRMED,0,0
11669239,Kepler-180 b,CONFIRMED,0,0
10600261,Kepler-194 d,CONFIRMED,0,0
10656823,Kepler-195 b,CONFIRMED,0,0
10656823,Kepler-195 c,CONFIRMED,0,0
10676824,Kepler-1724 b,CONFIRMED,0,0
10718726,Kepler-618 b,CONFIRMED,0,0
12302530,Kepler-155 c,CONFIRMED,0,0
12470954,Kepler-554 b,CONFIRMED,0,0
2438264,Kepler-156 c,CONFIRMED,0,0
2438264,Kepler-156 b,CONFIRMED,0,0
4454752,Kepler-578 b,CONFIRMED,0,0
4757437,Kepler-168 c,CONFIRMED,0,0
10187017,Kepler-102 d,CONFIRMED,0,0
4757437,Kepler-168 b,CONFIRMED,0,0
11823054,Kepler-181 c,CONFIRMED,0,0
11823054,Kepler-181 b,CONFIRMED,0,0
12058931,Kepler-182 c,CONFIRMED,0,0
9782691,Kepler-193 c,CONFIRMED,0,0
9957627,Kepler-1723 b,CONFIRMED,0,0
9958962,Kepler-616 b,CONFIRMED,0,0
9958962,Kepler-616 c,CONFIRMED,0,0
3745690,Kepler-157 c,CONFIRMED,0,0
3745690,Kepler-157 b,CONFIRMED,0,0
3745690,Kepler-157 d,CONFIRMED,0,0
3833007,Kepler-555 b,CONFIRMED,0,0
3847138,Kepler-556 b,CONFIRMED,0,0
4847534,Kepler-579 b,CONFIRMED,0,0
4852528,Kepler-80 b,CONFIRMED,0,0
4852528,Kepler-80 c,CONFIRMED,0,0
4852528,Kepler-80 d,CONFIRMED,0,0
4852528,Kepler-80 e,CONFIRMED,0,0
12058931,Kepler-182 b,CONFIRMED,0,0
12116489,Kepler-595 b,CONFIRMED,0,0
12600735,Kepler-596 b,CONFIRMED,0,0
10593626,Kepler-22 b,CONFIRMED,0,0
9958962,Kepler-616 d,CONFIRMED,0,0
10388286,Kepler-617 b,CONFIRMED,0,0
10600261,Kepler-194 c,CONFIRMED,0,0
6462863,Kepler-89 c,CONFIRMED,0,0
10600261,Kepler-194 b,CONFIRMED,0,0
11904151,Kepler-10 c,CONFIRMED,0,0
4633570,Kepler-158 b,CONFIRMED,0,0
4633570,Kepler-158 c,CONFIRMED,0,0
5640085,Kepler-159 b,CONFIRMED,0,0
5640085,Kepler-159 c,CONFIRMED,0,0
4852528,Kepler-80 f,CONFIRMED,0,0
10187017,Kepler-102 f,CONFIRMED,0,0
5340644,Kepler-580 b,CONFIRMED,0,0
4165473,Kepler-597 b,CONFIRMED,0,0
4270253,Kepler-183 c,CONFIRMED,0,0
4270253,Kepler-183 b,CONFIRMED,0,0
10973664,Kepler-619 b,CONFIRMED,0,0
10973664,Kepler-619 c,CONFIRMED,0,0
9141746,Kepler-730 c,CONFIRMED,0,0
12459913,Kepler-620 b,CONFIRMED,0,0
6462863,Kepler-89 e,CONFIRMED,0,0
6291033,Kepler-557 b,CONFIRMED,0,0
5461440,Kepler-581 b,CONFIRMED,0,0
5689351,Kepler-169 e,CONFIRMED,0,0
5689351,Kepler-169 c,CONFIRMED,0,0
5689351,Kepler-169 b,CONFIRMED,0,0
5689351,Kepler-169 d,CONFIRMED,0,0
5709725,Kepler-598 b,CONFIRMED,0,0
5709725,Kepler-598 c,CONFIRMED,0,0
9946525,Kepler-148 d,CONFIRMED,0,0
9946525,Kepler-148 c,CONFIRMED,0,0
9946525,Kepler-148 b,CONFIRMED,0,0
7098355,Kepler-558 b,CONFIRMED,0,0
7269974,Kepler-160 c,CONFIRMED,0,0
7269974,Kepler-160 b,CONFIRMED,0,0
7440748,Kepler-161 b,CONFIRMED,0,0
5689351,Kepler-169 f,CONFIRMED,0,0
5812960,Kepler-582 b,CONFIRMED,0,0
6266741,Kepler-170 b,CONFIRMED,0,0
10187017,Kepler-102 c,CONFIRMED,0,0
5774349,Kepler-599 b,CONFIRMED,0,0
5978361,Kepler-1722 b,CONFIRMED,0,0
6501635,Kepler-600 b,CONFIRMED,0,0
3217264,Kepler-149 b,CONFIRMED,0,0
3217264,Kepler-149 d,CONFIRMED,0,0
6850504,Kepler-20 c,CONFIRMED,0,0
3217264,Kepler-149 c,CONFIRMED,0,0
7440748,Kepler-161 c,CONFIRMED,0,0
7977197,Kepler-162 c,CONFIRMED,0,0
7977197,Kepler-162 b,CONFIRMED,0,0
6266741,Kepler-170 c,CONFIRMED,0,0
6381846,Kepler-171 b,CONFIRMED,0,0
6381846,Kepler-171 c,CONFIRMED,0,0
6381846,Kepler-171 d,CONFIRMED,0,0
6422155,Kepler-172 b,CONFIRMED,0,0
6665695,Kepler-601 b,CONFIRMED,0,0
6707833,Kepler-602 b,CONFIRMED,0,0
6786037,Kepler-603 b,CONFIRMED,0,0
6786037,Kepler-603 c,CONFIRMED,0,0
6786037,Kepler-603 d,CONFIRMED,0,0
5351250,Kepler-150 c,CONFIRMED,0,0
8043638,Kepler-559 b,CONFIRMED,0,0
8845205,Kepler-560 b,CONFIRMED,0,0
8890783,Kepler-561 b,CONFIRMED,0,0
8890783,Kepler-561 c,CONFIRMED,0,0
6422155,Kepler-172 c,CONFIRMED,0,0
6422155,Kepler-172 d,CONFIRMED,0,0
6422155,Kepler-172 e,CONFIRMED,0,0
6451936,Kepler-173 c,CONFIRMED,0,0
6451936,Kepler-173 b,CONFIRMED,0,0
8056665,Kepler-462 b,CONFIRMED,0,0
7119481,Kepler-604 b,CONFIRMED,0,0
7445445,Kepler-184 b,CONFIRMED,0,0
7445445,Kepler-184 c,CONFIRMED,0,0
5351250,Kepler-150 d,CONFIRMED,0,0
5351250,Kepler-150 e,CONFIRMED,0,0
6850504,Kepler-20 b,CONFIRMED,0,0
5351250,Kepler-150 b,CONFIRMED,0,0
5444548,Kepler-545 b,CONFIRMED,0,0
9583881,Kepler-562 b,CONFIRMED,0,0
9589524,Kepler-563 b,CONFIRMED,0,0
10187017,Kepler-102 b,CONFIRMED,0,0
6838050,Kepler-583 b,CONFIRMED,0,0
6937692,Kepler-584 b,CONFIRMED,0,0
7445445,Kepler-184 d,CONFIRMED,0,0
7595157,Kepler-605 b,CONFIRMED,0,0
7595157,Kepler-605 c,CONFIRMED,0,0
8008206,Kepler-185 c,CONFIRMED,0,0
8008206,Kepler-185 b,CONFIRMED,0,0
5683743,Kepler-546 b,CONFIRMED,0,0
5791986,Kepler-151 b,CONFIRMED,0,0
5791986,Kepler-151 c,CONFIRMED,0,0
9844088,Kepler-564 b,CONFIRMED,0,0
10019643,Kepler-163 c,CONFIRMED,0,0
10019643,Kepler-163 b,CONFIRMED,0,0
10123064,Kepler-565 b,CONFIRMED,0,0
8015907,Kepler-585 b,CONFIRMED,0,0
8017703,Kepler-174 b,CONFIRMED,0,0
8017703,Kepler-174 c,CONFIRMED,0,0
8017703,Kepler-174 d,CONFIRMED,0,0
8056665,Kepler-462 c,CONFIRMED,0,0
8120608,Kepler-186 c,CONFIRMED,0,0
8120608,Kepler-186 d,CONFIRMED,0,0
8120608,Kepler-186 b,CONFIRMED,0,0
8120608,Kepler-186 e,CONFIRMED,0,0
6850504,Kepler-20 d,CONFIRMED,0,0
6508221,Kepler-152 b,CONFIRMED,0,0
10155434,Kepler-1720 b,CONFIRMED,0,0
10460984,Kepler-164 c,CONFIRMED,0,0
10460984,Kepler-164 d,CONFIRMED,0,0
10460984,Kepler-164 b,CONFIRMED,0,0
8022244,Kepler-175 b,CONFIRMED,0,0
2571238,Kepler-19 b,CONFIRMED,0,0
8022244,Kepler-175 c,CONFIRMED,0,0
8037145,Kepler-176 c,CONFIRMED,0,0
8037145,Kepler-176 b,CONFIRMED,0,0
8193178,Kepler-187 c,CONFIRMED,0,0
8193178,Kepler-187 b,CONFIRMED,0,0
8344004,Kepler-188 c,CONFIRMED,0,0
8344004,Kepler-188 b,CONFIRMED,0,0
8355239,Kepler-189 c,CONFIRMED,0,0
6508221,Kepler-152 c,CONFIRMED,0,0
8352537,Kepler-547 b,CONFIRMED,0,0
10577994,Kepler-165 b,CONFIRMED,0,0
10577994,Kepler-165 c,CONFIRMED,0,0
10599206,Kepler-566 b,CONFIRMED,0,0
10227020,Kepler-223 d,CONFIRMED,0,0
4563268,Kepler-625 c,CONFIRMED,0,0
4644604,Kepler-626 b,CONFIRMED,0,0
4656049,Kepler-627 b,CONFIRMED,0,0
4742414,Kepler-628 b,CONFIRMED,0,1
7764367,Kepler-644 b,CONFIRMED,0,0
10227020,Kepler-223 c,CONFIRMED,0,0
10227020,Kepler-223 e,CONFIRMED,0,0
6678383,Kepler-104 d,CONFIRMED,0,0
10227020,Kepler-223 b,CONFIRMED,0,0
4827723,Kepler-629 b,CONFIRMED,0,0
4841374,Kepler-630 b,CONFIRMED,0,0
5020319,Kepler-1725 b,CONFIRMED,0,0
8161561,Kepler-645 b,CONFIRMED,0,0
8361905,Kepler-646 b,CONFIRMED,0,0
12116489,Kepler-595 c,CONFIRMED,0,0
11250587,Kepler-464 b,CONFIRMED,0,0
8480285,Kepler-647 c,CONFIRMED,0,0
8480285,Kepler-647 b,CONFIRMED,0,0
10265898,Kepler-656 b,CONFIRMED,0,0
10271806,Kepler-224 c,CONFIRMED,0,0
10271806,Kepler-224 d,CONFIRMED,0,0
5113822,Kepler-199 b,CONFIRMED,0,0
5113822,Kepler-199 c,CONFIRMED,0,0
5120087,Kepler-631 b,CONFIRMED,0,0
5121511,Kepler-632 b,CONFIRMED,0,0
8557374,Kepler-213 b,CONFIRMED,0,0
8557374,Kepler-213 c,CONFIRMED,0,0
8738735,Kepler-214 c,CONFIRMED,0,0
8738735,Kepler-214 b,CONFIRMED,0,0
8802165,Kepler-648 b,CONFIRMED,0,0
10271806,Kepler-224 b,CONFIRMED,0,0
10271806,Kepler-224 e,CONFIRMED,0,0
10272442,Kepler-657 b,CONFIRMED,0,0
10984090,Kepler-466 b,CONFIRMED,0,0
8805348,Kepler-649 b,CONFIRMED,0,0
8878187,Kepler-650 b,CONFIRMED,0,0
4914423,Kepler-103 b,CONFIRMED,0,0
10340423,Kepler-225 c,CONFIRMED,0,0
10340423,Kepler-225 b,CONFIRMED,0,0
10358759,Kepler-29 b,CONFIRMED,0,0
5374854,Kepler-633 b,CONFIRMED,0,0
5374854,Kepler-633 c,CONFIRMED,0,0
5531694,Kepler-634 b,CONFIRMED,0,0
8962094,Kepler-215 d,CONFIRMED,0,0
8962094,Kepler-215 b,CONFIRMED,0,0
8962094,Kepler-215 c,CONFIRMED,0,0
8962094,Kepler-215 e,CONFIRMED,0,0
10358759,Kepler-29 c,CONFIRMED,0,0
10386984,Kepler-658 b,CONFIRMED,0,0
10395381,Kepler-659 b,CONFIRMED,0,0
5613330,Kepler-635 b,CONFIRMED,0,0
5786676,Kepler-1665 b,CONFIRMED,0,0
5796675,Kepler-636 b,CONFIRMED,0,0
9002278,Kepler-62 d,CONFIRMED,0,0
9002278,Kepler-62 b,CONFIRMED,0,0
9002278,Kepler-62 e,CONFIRMED,0,0
4914423,Kepler-103 c,CONFIRMED,0,0
5941160,Kepler-200 b,CONFIRMED,0,0
5941160,Kepler-200 c,CONFIRMED,0,0
5966154,Kepler-201 b,CONFIRMED,0,0
5966154,Kepler-201 c,CONFIRMED,0,0
9266431,Kepler-1726 b,CONFIRMED,0,0
9458613,Kepler-33 d,CONFIRMED,0,0
9458613,Kepler-33 f,CONFIRMED,0,0
6020753,Kepler-202 b,CONFIRMED,0,0
6020753,Kepler-202 c,CONFIRMED,0,0
6062088,Kepler-203 b,CONFIRMED,0,0
9458613,Kepler-33 e,CONFIRMED,0,0
9458613,Kepler-33 c,CONFIRMED,0,0
9458613,Kepler-33 b,CONFIRMED,0,0
9530945,Kepler-216 c,CONFIRMED,0,0
6062088,Kepler-203 c,CONFIRMED,0,0
6062088,Kepler-203 d,CONFIRMED,0,0
6125481,Kepler-637 b,CONFIRMED,0,0
6267535,Kepler-638 b,CONFIRMED,0,0
6347299,Kepler-204 b,CONFIRMED,0,0
9530945,Kepler-216 b,CONFIRMED,0,0
9578686,Kepler-651 b,CONFIRMED,0,0
9590976,Kepler-217 b,CONFIRMED,0,0
9590976,Kepler-217 c,CONFIRMED,0,0
9590976,Kepler-217 d,CONFIRMED,0,0
4832837,Kepler-621 b,CONFIRMED,0,0
6347299,Kepler-204 c,CONFIRMED,0,0
6365156,Kepler-639 b,CONFIRMED,0,0
6425957,Kepler-205 b,CONFIRMED,0,0
2444412,Kepler-1710 b,CONFIRMED,0,0
6425957,Kepler-205 c,CONFIRMED,0,0
9597345,Kepler-218 c,CONFIRMED,0,0
9597345,Kepler-218 b,CONFIRMED,0,0
9597345,Kepler-218 d,CONFIRMED,0,0
5686174,Kepler-622 b,CONFIRMED,0,0
6462863,Kepler-89 b,CONFIRMED,0,0
6442340,Kepler-206 c,CONFIRMED,0,0
6442340,Kepler-206 b,CONFIRMED,0,0
6442340,Kepler-206 d,CONFIRMED,0,0
6685609,Kepler-207 d,CONFIRMED,0,0
6685609,Kepler-207 b,CONFIRMED,0,0
9450647,Kepler-465 b,CONFIRMED,0,0
9702072,Kepler-652 b,CONFIRMED,0,0
9873254,Kepler-653 b,CONFIRMED,0,0
6587002,Kepler-196 b,CONFIRMED,0,0
6587002,Kepler-196 c,CONFIRMED,0,0
7368664,Kepler-434 b,CONFIRMED,0,0
6685609,Kepler-207 c,CONFIRMED,0,0
6707835,Kepler-640 b,CONFIRMED,0,0
10318874,Kepler-94 b,CONFIRMED,0,0
9873254,Kepler-653 c,CONFIRMED,0,0
9884104,Kepler-219 b,CONFIRMED,0,0
9884104,Kepler-219 c,CONFIRMED,0,0
9884104,Kepler-219 d,CONFIRMED,0,0
9950612,Kepler-220 c,CONFIRMED,0,0
10353968,Kepler-623 b,CONFIRMED,0,0
11773022,Kepler-51 b,CONFIRMED,0,0
7033671,Kepler-641 b,CONFIRMED,0,0
7040629,Kepler-208 b,CONFIRMED,0,0
7040629,Kepler-208 c,CONFIRMED,0,0
7040629,Kepler-208 e,CONFIRMED,0,0
7040629,Kepler-208 d,CONFIRMED,0,0
9950612,Kepler-220 d,CONFIRMED,0,0
6678383,Kepler-104 b,CONFIRMED,0,0
9950612,Kepler-220 e,CONFIRMED,0,0
9950612,Kepler-220 b,CONFIRMED,0,0
9963524,Kepler-221 c,CONFIRMED,0,0
5780885,Kepler-7 b,CONFIRMED,0,1
11773022,Kepler-51 d,CONFIRMED,0,0
11773022,Kepler-51 c,CONFIRMED,0,0
12068975,Kepler-197 c,CONFIRMED,0,0
7115785,Kepler-209 b,CONFIRMED,0,0
7115785,Kepler-209 c,CONFIRMED,0,0
7124613,Kepler-642 b,CONFIRMED,0,0
8711794,Kepler-463 b,CONFIRMED,0,0
7277317,Kepler-643 b,CONFIRMED,0,0
9963524,Kepler-221 d,CONFIRMED,0,0
9963524,Kepler-221 e,CONFIRMED,0,0
9963524,Kepler-221 b,CONFIRMED,0,0
9964801,Kepler-654 b,CONFIRMED,0,0
9965439,Kepler-655 b,CONFIRMED,0,0
12068975,Kepler-197 d,CONFIRMED,0,0
12068975,Kepler-197 b,CONFIRMED,0,0
12068975,Kepler-197 e,CONFIRMED,0,0
3541946,Kepler-198 b,CONFIRMED,0,0
3541946,Kepler-198 c,CONFIRMED,0,0
10264660,Kepler-14 b,CONFIRMED,0,0
7447200,Kepler-210 c,CONFIRMED,0,0
7447200,Kepler-210 b,CONFIRMED,0,0
7509886,Kepler-211 c,CONFIRMED,0,0
7509886,Kepler-211 b,CONFIRMED,0,0
10002866,Kepler-222 b,CONFIRMED,0,0
10002866,Kepler-222 d,CONFIRMED,0,0
6678383,Kepler-104 c,CONFIRMED,0,0
10002866,Kepler-222 c,CONFIRMED,0,0
3541946,Kepler-198 d,CONFIRMED,0,0
4478168,Kepler-624 b,CONFIRMED,0,0
4563268,Kepler-625 b,CONFIRMED,0,0
7515212,Kepler-212 c,CONFIRMED,0,0
7515212,Kepler-212 b,CONFIRMED,0,0
7529266,Kepler-435 b,CONFIRMED,0,0
8686373,Kepler-1936 b,CONFIRMED,0,0
3867615,Kepler-379 b,CONFIRMED,0,0
5530112,Kepler-1937 b,CONFIRMED,0,0
6226908,Kepler-1546 b,CONFIRMED,0,0
5906694,Kepler-1938 b,CONFIRMED,0,0
9956082,Kepler-1557 b,CONFIRMED,0,0
6755944,Kepler-1547 b,CONFIRMED,0,0
9334893,Kepler-1178 b,CONFIRMED,0,0
10000941,Kepler-1558 b,CONFIRMED,0,0
9455677,Kepler-1548 b,CONFIRMED,0,0
11465651,Kepler-1941 b,CONFIRMED,0,0
3937814,Kepler-1549 b,CONFIRMED,0,0
5881120,Kepler-1943 b,CONFIRMED,0,0
4770617,Kepler-1154 c,CONFIRMED,0,0
6106282,Kepler-440 b,CONFIRMED,0,0
4078311,Kepler-1944 b,CONFIRMED,0,0
11709124,Kepler-154 c,CONFIRMED,0,0
9022166,Kepler-368 c,CONFIRMED,0,0
3103227,Kepler-1550 b,CONFIRMED,0,0
4850961,Kepler-1551 b,CONFIRMED,0,0
8439323,Kepler-1942 b,CONFIRMED,0,0
10714072,Kepler-1541 b,CONFIRMED,0,0
5688683,Kepler-1939 b,CONFIRMED,0,0
6607644,Kepler-1559 b,CONFIRMED,0,0
7610663,Kepler-1560 b,CONFIRMED,0,0
8951205,Kepler-1940 b,CONFIRMED,0,0
7838675,Kepler-1561 b,CONFIRMED,0,0
7100673,Kepler-1542 b,CONFIRMED,0,0
7100673,Kepler-1542 c,CONFIRMED,0,0
3747817,Kepler-1552 b,CONFIRMED,0,0
10089911,Kepler-1543 b,CONFIRMED,0,0
11415243,Kepler-1544 b,CONFIRMED,0,0
3548044,Kepler-371 c,CONFIRMED,0,0
11401767,Kepler-372 d,CONFIRMED,0,0
11709124,Kepler-154 f,CONFIRMED,0,0
8613535,Kepler-1165 b,CONFIRMED,0,0
3955817,Kepler-1553 b,CONFIRMED,0,0
10360722,Kepler-1545 b,CONFIRMED,0,0
6349881,Kepler-1554 b,CONFIRMED,0,0
1718958,Kepler-1934 b,CONFIRMED,0,0
6428794,Kepler-1701 b,CONFIRMED,0,0
4673628,Kepler-1935 b,CONFIRMED,0,0
11401767,Kepler-372 b,CONFIRMED,0,0
9718066,Kepler-378 c,CONFIRMED,0,0
9272070,Kepler-1555 b,CONFIRMED,0,0
5088400,Kepler-1556 b,CONFIRMED,0,0
8087812,Kepler-1952 b,CONFIRMED,0,0
5308537,Kepler-1955 b,CONFIRMED,0,0
5281113,Kepler-1602 b,CONFIRMED,0,0
6026924,Kepler-1580 b,CONFIRMED,0,0
3244792,Kepler-1592 b,CONFIRMED,0,0
1724719,Kepler-1569 b,CONFIRMED,0,0
8120608,Kepler-186 f,CONFIRMED,0,0
9366617,Kepler-1570 b,CONFIRMED,0,0
4548011,Kepler-1581 b,CONFIRMED,0,0
8459663,Kepler-1593 b,CONFIRMED,0,0
7046035,Kepler-1603 b,CONFIRMED,0,0
8463346,Kepler-436 b,CONFIRMED,0,0
5868793,Kepler-1582 b,CONFIRMED,0,0
10063208,Kepler-1583 b,CONFIRMED,0,0
10669994,Kepler-1594 b,CONFIRMED,0,0
9183378,Kepler-1571 b,CONFIRMED,0,0
7596240,Kepler-1584 b,CONFIRMED,0,0
7427764,Kepler-1595 b,CONFIRMED,0,0
8416523,Kepler-1604 b,CONFIRMED,0,0
9872831,Kepler-1572 b,CONFIRMED,0,0
12306058,Kepler-391 c,CONFIRMED,0,0
8507475,Kepler-1585 b,CONFIRMED,0,0
8773015,Kepler-1586 b,CONFIRMED,0,0
11080405,Kepler-386 b,CONFIRMED,0,0
11509504,Kepler-1573 b,CONFIRMED,0,0
11611275,Kepler-1574 b,CONFIRMED,0,0
11612280,Kepler-1587 b,CONFIRMED,0,0
11444514,Kepler-1596 b,CONFIRMED,0,0
9886361,Kepler-403 d,CONFIRMED,0,0
9702006,Kepler-1953 b,CONFIRMED,0,0
6587002,Kepler-196 d,CONFIRMED,0,0
11718389,Kepler-1956 b,CONFIRMED,0,0
10329196,Kepler-1605 b,CONFIRMED,0,0
10604592,Kepler-1957 b,CONFIRMED,0,0
9285568,Kepler-1575 b,CONFIRMED,0,0
7604328,Kepler-1245 c,CONFIRMED,0,0
7103919,Kepler-1950 b,CONFIRMED,0,0
10722485,Kepler-1588 b,CONFIRMED,0,0
6937529,Kepler-1597 b,CONFIRMED,0,0
5177859,Kepler-1576 b,CONFIRMED,0,0
9883606,Kepler-1598 b,CONFIRMED,0,0
5860968,Kepler-1599 b,CONFIRMED,0,0
3645438,Kepler-1600 c,CONFIRMED,0,0
8480582,Kepler-1702 b,CONFIRMED,0,0
11125613,Kepler-1254 c,CONFIRMED,0,0
10525049,Kepler-1948 b,CONFIRMED,0,0
5095082,Kepler-1951 b,CONFIRMED,0,0
11560897,Kepler-430 c,CONFIRMED,0,0
6752002,Kepler-1945 b,CONFIRMED,0,0
7257966,Kepler-1946 b,CONFIRMED,0,0
10407482,Kepler-1577 b,CONFIRMED,0,0
5371777,Kepler-1589 b,CONFIRMED,0,0
6879171,Kepler-1947 b,CONFIRMED,0,0
9897364,Kepler-1562 b,CONFIRMED,0,0
12505503,Kepler-1563 b,CONFIRMED,0,0
10526887,Kepler-1578 b,CONFIRMED,0,0
11125613,Kepler-1254 d,CONFIRMED,0,0
8733898,Kepler-446 c,CONFIRMED,0,0
9828127,Kepler-1564 b,CONFIRMED,0,0
5644412,Kepler-1565 b,CONFIRMED,0,0
10730070,Kepler-1590 b,CONFIRMED,0,0
2831055,Kepler-1601 b,CONFIRMED,0,0
7703882,Kepler-1954 b,CONFIRMED,0,0
5340878,Kepler-1566 b,CONFIRMED,0,0
7450747,Kepler-1949 b,CONFIRMED,0,0
7826620,Kepler-1579 b,CONFIRMED,0,0
8573193,Kepler-1591 b,CONFIRMED,0,0
7673841,Kepler-392 c,CONFIRMED,0,0
5084171,Kepler-1567 b,CONFIRMED,0,0
11968463,Kepler-385 d,CONFIRMED,0,0
10593535,Kepler-1568 b,CONFIRMED,0,0
5959719,Kepler-390 c,CONFIRMED,0,0
9701962,Kepler-1617 b,CONFIRMED,0,0
5977470,Kepler-1653 b,CONFIRMED,0,0
11284772,Kepler-441 b,CONFIRMED,0,0
6153407,Kepler-1911 b,CONFIRMED,0,0
11519187,Kepler-1964 b,CONFIRMED,0,0
8417078,Kepler-1619 b,CONFIRMED,0,0
9898017,Kepler-1960 b,CONFIRMED,0,0
6278762,Kepler-444 c,CONFIRMED,0,0
4556468,Kepler-1609 b,CONFIRMED,0,0
7747457,Kepler-1613 b,CONFIRMED,0,0
10026502,Kepler-1620 b,CONFIRMED,0,0
9002278,Kepler-62 c,CONFIRMED,0,0
11650401,Kepler-1614 b,CONFIRMED,0,0
6278762,Kepler-444 d,CONFIRMED,0,0
9100953,Kepler-1610 b,CONFIRMED,0,0
6761777,Kepler-1615 b,CONFIRMED,0,0
9412623,Kepler-1618 b,CONFIRMED,0,0
4735826,Kepler-1972 b,CONFIRMED,0,0
7778621,Kepler-1967 b,CONFIRMED,0,0
6278762,Kepler-444 e,CONFIRMED,0,0
4545570,Kepler-1961 b,CONFIRMED,0,0
11671579,Kepler-1611 b,CONFIRMED,0,0
9216775,Kepler-1612 b,CONFIRMED,0,0
6278762,Kepler-444 f,CONFIRMED,0,0
9009036,Kepler-1616 b,CONFIRMED,0,0
2857607,Kepler-1965 b,CONFIRMED,0,0
5962262,Kepler-1966 b,CONFIRMED,0,0
7429240,Kepler-1606 b,CONFIRMED,0,0
5003670,Kepler-1962 b,CONFIRMED,0,0
7133294,Kepler-1607 b,CONFIRMED,0,0
4381429,Kepler-1608 b,CONFIRMED,0,0
10220837,Kepler-1963 b,CONFIRMED,0,0
6278762,Kepler-444 b,CONFIRMED,0,0
6276791,Kepler-1958 b,CONFIRMED,0,0
8636600,Kepler-1959 b,CONFIRMED,0,0
9447166,Kepler-1459 b,CONFIRMED,0,0
8151055,Kepler-1460 b,CONFIRMED,0,0
3348082,Kepler-274 b,CONFIRMED,0,0
10615440,Kepler-1622 b,CONFIRMED,0,0
7510820,Kepler-1461 b,CONFIRMED,0,0
6880517,Kepler-1462 b,CONFIRMED,0,0
6615511,Kepler-1463 b,CONFIRMED,0,0
3632089,Kepler-1464 b,CONFIRMED,0,0
8397947,Kepler-1705 b,CONFIRMED,0,0
9569711,Kepler-1912 b,CONFIRMED,0,0
12314973,Kepler-450 d,CONFIRMED,0,0
3348082,Kepler-274 c,CONFIRMED,0,0
3632089,Kepler-1464 c,CONFIRMED,0,0
12735830,Kepler-1465 b,CONFIRMED,0,0
6592335,Kepler-1971 b,CONFIRMED,0,0
10057494,Kepler-1443 b,CONFIRMED,0,0
6587796,Kepler-1444 b,CONFIRMED,0,0
8554701,Kepler-1466 b,CONFIRMED,0,0
9031209,Kepler-1467 b,CONFIRMED,0,0
8073705,Kepler-1445 b,CONFIRMED,0,0
4271474,Kepler-1469 b,CONFIRMED,0,0
11497958,Kepler-296 f,CONFIRMED,0,0
9885417,Kepler-1446 b,CONFIRMED,0,0
8331612,Kepler-1915 b,CONFIRMED,0,0
5965819,Kepler-1468 d,CONFIRMED,0,0
5965819,Kepler-1468 b,CONFIRMED,0,0
8183288,Kepler-437 b,CONFIRMED,0,0
5965819,Kepler-1468 c,CONFIRMED,0,0
8280511,Kepler-271 d,CONFIRMED,0,0
12156174,Kepler-1447 b,CONFIRMED,0,0
4736644,Kepler-1470 b,CONFIRMED,0,0
12055539,Kepler-1448 b,CONFIRMED,0,0
12056139,Kepler-1449 b,CONFIRMED,0,0
9021075,Kepler-1968 b,CONFIRMED,0,0
4473613,Kepler-1623 b,CONFIRMED,0,0
8826007,Kepler-1450 b,CONFIRMED,0,0
8620402,Kepler-1913 b,CONFIRMED,0,0
5280587,Kepler-1451 b,CONFIRMED,0,0
4138008,Kepler-442 b,CONFIRMED,0,0
3120904,Kepler-1452 b,CONFIRMED,0,0
11757451,Kepler-443 b,CONFIRMED,0,0
8047428,Kepler-1621 b,CONFIRMED,0,0
11513486,Kepler-1969 b,CONFIRMED,0,0
11189311,Kepler-1442 b,CONFIRMED,0,0
3544640,Kepler-1914 b,CONFIRMED,0,0
10653179,Kepler-1453 b,CONFIRMED,0,0
12066569,Kepler-1455 b,CONFIRMED,0,0
6497146,Kepler-438 b,CONFIRMED,0,0
8016691,Kepler-1456 b,CONFIRMED,0,0
6584273,Kepler-1457 b,CONFIRMED,0,0
5768816,Kepler-1458 b,CONFIRMED,0,0
6368175,Kepler-1703 b,CONFIRMED,0,0
4939346,Kepler-328 b,CONFIRMED,0,0
11455428,Kepler-1480 b,CONFIRMED,0,0
6265665,Kepler-1499 b,CONFIRMED,0,0
4645174,Kepler-1500 b,CONFIRMED,0,0
11657614,Kepler-1481 b,CONFIRMED,0,0
6599975,Kepler-1501 b,CONFIRMED,0,0
4282191,Kepler-1502 b,CONFIRMED,0,0
9967771,Kepler-990 c,CONFIRMED,0,0
6705026,Kepler-1483 b,CONFIRMED,0,0
6779726,Kepler-1918 b,CONFIRMED,0,0
7288306,Kepler-1503 b,CONFIRMED,0,0
11860395,Kepler-1504 b,CONFIRMED,0,0
9529744,Kepler-320 c,CONFIRMED,0,0
2995392,Kepler-1484 b,CONFIRMED,0,0
8078502,Kepler-1919 b,CONFIRMED,0,0
6975129,Kepler-312 b,CONFIRMED,0,0
8644365,Kepler-1485 b,CONFIRMED,0,0
6364582,Kepler-1505 b,CONFIRMED,0,0
9529744,Kepler-320 b,CONFIRMED,0,0
10328393,Kepler-332 c,CONFIRMED,0,0
6118370,Kepler-1506 b,CONFIRMED,0,0
2717158,Kepler-1922 b,CONFIRMED,0,0
11521793,Kepler-143 b,CONFIRMED,0,0
9085563,Kepler-1486 b,CONFIRMED,0,0
11337372,Kepler-920 c,CONFIRMED,0,0
9763612,Kepler-1507 b,CONFIRMED,0,0
3561464,Kepler-1487 b,CONFIRMED,0,0
5213404,Kepler-1508 b,CONFIRMED,0,0
11551692,Kepler-411 d,CONFIRMED,0,0
11754430,Kepler-1488 b,CONFIRMED,0,0
9995771,Kepler-1509 b,CONFIRMED,0,0
5213230,Kepler-1923 b,CONFIRMED,0,0
3326377,Kepler-967 c,CONFIRMED,0,0
10922659,Kepler-1916 b,CONFIRMED,0,0
6021275,Kepler-132 e,CONFIRMED,0,0
11754430,Kepler-1488 c,CONFIRMED,0,0
8409295,Kepler-1489 b,CONFIRMED,0,0
7131760,Kepler-1490 b,CONFIRMED,0,0
11853878,Kepler-968 d,CONFIRMED,0,0
9285265,Kepler-1491 b,CONFIRMED,0,0
5780930,Kepler-1492 b,CONFIRMED,0,0
7288444,Kepler-1924 b,CONFIRMED,0,0
10881457,Kepler-1510 b,CONFIRMED,0,0
3433668,Kepler-1493 b,CONFIRMED,0,0
7503885,Kepler-1494 b,CONFIRMED,0,0
3629330,Kepler-1495 b,CONFIRMED,0,0
11853878,Kepler-968 c,CONFIRMED,0,0
11810124,Kepler-1471 b,CONFIRMED,0,0
11303322,Kepler-1472 b,CONFIRMED,0,0
11241912,Kepler-1473 b,CONFIRMED,0,0
8824737,Kepler-1917 b,CONFIRMED,0,0
9349757,Kepler-1474 b,CONFIRMED,0,0
7703955,Kepler-315 c,CONFIRMED,0,0
8880123,Kepler-1925 b,CONFIRMED,0,0
8636333,Kepler-1475 b,CONFIRMED,0,0
8081239,Kepler-1476 b,CONFIRMED,0,0
3745559,Kepler-1920 b,CONFIRMED,0,0
9117416,Kepler-1921 b,CONFIRMED,0,0
7517261,Kepler-1511 b,CONFIRMED,0,0
8424002,Kepler-1512 b,CONFIRMED,0,0
10657406,Kepler-969 c,CONFIRMED,0,0
7091432,Kepler-1477 b,CONFIRMED,0,0
6368230,Kepler-1478 b,CONFIRMED,0,0
9027909,Kepler-1496 b,CONFIRMED,0,0
9230021,Kepler-1497 b,CONFIRMED,0,0
8552719,Kepler-953 c,CONFIRMED,0,0
6058816,Kepler-1927 b,CONFIRMED,0,0
6619815,Kepler-1696 b,CONFIRMED,0,0
11651712,Kepler-1479 b,CONFIRMED,0,0
9896558,Kepler-937 c,CONFIRMED,0,0
8738775,Kepler-1498 b,CONFIRMED,0,0
3728432,Kepler-1526 b,CONFIRMED,0,0
6696580,Kepler-359 d,CONFIRMED,0,0
9892816,Kepler-342 e,CONFIRMED,0,0
5384079,Kepler-348 c,CONFIRMED,0,0
11709124,Kepler-154 b,CONFIRMED,0,0
9480535,Kepler-1527 b,CONFIRMED,0,0
3128552,Kepler-1073 c,CONFIRMED,0,0
9892816,Kepler-342 c,CONFIRMED,0,0
4150804,Kepler-1513 b,CONFIRMED,0,0
9025971,Kepler-1657 b,CONFIRMED,0,0
2581316,Kepler-1514 b,CONFIRMED,0,0
2581554,Kepler-1521 b,CONFIRMED,0,0
3128552,Kepler-1073 d,CONFIRMED,0,0
10363115,Kepler-1929 b,CONFIRMED,0,0
9761615,Kepler-1528 b,CONFIRMED,0,0
2581316,Kepler-1514 c,CONFIRMED,0,0
10795103,Kepler-1515 b,CONFIRMED,0,0
8494410,Kepler-1516 b,CONFIRMED,0,0
5784777,Kepler-1529 b,CONFIRMED,0,0
6949061,Kepler-343 c,CONFIRMED,0,0
7102316,Kepler-351 d,CONFIRMED,0,0
11518142,Kepler-1519 b,CONFIRMED,0,0
10788461,Kepler-1530 d,CONFIRMED,0,0
10788461,Kepler-1530 b,CONFIRMED,0,0
10788461,Kepler-1530 c,CONFIRMED,0,0
12784167,Kepler-1522 b,CONFIRMED,0,0
11253711,Kepler-1031 b,CONFIRMED,0,0
9489524,Kepler-352 d,CONFIRMED,0,0
11709124,Kepler-154 e,CONFIRMED,0,0
8505920,Kepler-1090 b,CONFIRMED,0,0
4242692,Kepler-1531 b,CONFIRMED,0,0
6105462,Kepler-1093 c,CONFIRMED,0,0
8257205,Kepler-1038 c,CONFIRMED,0,0
4164922,Kepler-1698 b,CONFIRMED,0,0
10328393,Kepler-332 d,CONFIRMED,0,0
5437945,Kepler-460 b,CONFIRMED,0,0
9353742,Kepler-1523 b,CONFIRMED,0,0
9101496,Kepler-335 c,CONFIRMED,0,0
11450414,Kepler-347 c,CONFIRMED,0,0
12557548,Kepler-1520 b,CONFIRMED,0,0
3657758,Kepler-1065 c,CONFIRMED,0,0
9517393,Kepler-1085 b,CONFIRMED,0,0
3440118,Kepler-1928 b,CONFIRMED,0,0
4472818,Kepler-1524 b,CONFIRMED,0,0
9411166,Kepler-1016 c,CONFIRMED,0,0
12154526,Kepler-1047 c,CONFIRMED,0,0
8804845,Kepler-1067 b,CONFIRMED,0,0
7515679,Kepler-1517 b,CONFIRMED,0,0
9351316,Kepler-1086 c,CONFIRMED,0,0
5202905,Kepler-340 b,CONFIRMED,0,0
11760860,Kepler-1525 b,CONFIRMED,0,0
12735740,Kepler-86 b,CONFIRMED,0,0
8552719,Kepler-953 b,CONFIRMED,0,0
3732035,Kepler-1535 b,CONFIRMED,0,0
5195172,Kepler-1763 b,CONFIRMED,0,0
8832512,Kepler-963 b,CONFIRMED,0,0
9280239,Kepler-1536 b,CONFIRMED,0,0
9886255,Kepler-976 b,CONFIRMED,0,0
6803855,Kepler-930 b,CONFIRMED,0,0
10153855,Kepler-1037 b,CONFIRMED,0,0
7762723,Kepler-1867 b,CONFIRMED,0,0
4178606,Kepler-1326 b,CONFIRMED,0,0
5980208,Kepler-1331 b,CONFIRMED,0,0
8036287,Kepler-1537 b,CONFIRMED,0,0
11187436,Kepler-957 b,CONFIRMED,0,0
9823519,Kepler-1350 b,CONFIRMED,0,0
7047824,Kepler-1353 b,CONFIRMED,0,0
11358389,Kepler-365 c,CONFIRMED,0,0
5807769,Kepler-1289 b,CONFIRMED,0,0
6041734,Kepler-1129 c,CONFIRMED,0,0
6606438,Kepler-1883 b,CONFIRMED,0,0
5773121,Kepler-1932 b,CONFIRMED,0,0
4814502,Kepler-1933 b,CONFIRMED,0,0
8142787,Kepler-439 b,CONFIRMED,0,0
11075429,Kepler-1137 b,CONFIRMED,0,0
11705004,Kepler-1806 b,CONFIRMED,0,0
11244682,Kepler-1699 b,CONFIRMED,0,0
5895158,Kepler-1532 b,CONFIRMED,0,0
8934103,Kepler-1538 b,CONFIRMED,0,0
4947556,Kepler-1930 b,CONFIRMED,0,0
9009953,Kepler-1700 b,CONFIRMED,0,0
7679812,Kepler-1931 b,CONFIRMED,0,0
8282846,Kepler-1539 b,CONFIRMED,0,0
5938970,Kepler-1540 b,CONFIRMED,0,0
7375348,Kepler-508 b,CONFIRMED,0,0
8636434,Kepler-1533 b,CONFIRMED,0,0
7810483,Kepler-1676 b,CONFIRMED,0,0
9904006,Kepler-361 b,CONFIRMED,0,0
8081187,Kepler-1025 b,CONFIRMED,0,0
6342333,Kepler-1789 b,CONFIRMED,0,0
10404582,Kepler-362 b,CONFIRMED,0,0
4570949,Kepler-76 b,CONFIRMED,0,1
11497958,Kepler-296 e,CONFIRMED,0,0
6444896,Kepler-1649 b,CONFIRMED,0,0
11442793,Kepler-90 c,CONFIRMED,0,0
11442793,Kepler-90 b,CONFIRMED,0,0
10005758,Kepler-1662 c,CONFIRMED,0,0
12405333,Kepler-1409 b,CONFIRMED,0,0
2715695,Kepler-1899 b,CONFIRMED,0,0
11442793,Kepler-90 e,CONFIRMED,0,0
12352520,Kepler-1904 b,CONFIRMED,0,0
7455981,Kepler-1425 b,CONFIRMED,0,0
5474613,Kepler-1659 b,CONFIRMED,0,0
9823519,Kepler-1350 c,CONFIRMED,0,0
10587105,Kepler-529 d,CONFIRMED,0,0
8558011,Kepler-607 b,CONFIRMED,0,0
7742408,Kepler-1697 b,CONFIRMED,0,0
8231667,Kepler-1926 b,CONFIRMED,0,0
5437945,Kepler-460 c,CONFIRMED,0,0
1873513,Kepler-1624 b,CONFIRMED,0,0
5551240,Kepler-1626 b,CONFIRMED,0,0
4760478,Kepler-1625 b,CONFIRMED,0,0
6184894,Kepler-1627 b,CONFIRMED,0,0
9002278,Kepler-62 f,CONFIRMED,0,0
6026438,Kepler-354 c,CONFIRMED,0,0
8753896,Kepler-389 c,CONFIRMED,0,0
11177676,Kepler-1454 b,CONFIRMED,0,0
7731281,Kepler-1628 b,CONFIRMED,0,0
8745553,Kepler-1633 b,CONFIRMED,0,0
7978202,Kepler-1630 b,CONFIRMED,0,0
8891684,Kepler-1634 b,CONFIRMED,0,0
9715631,Kepler-1636 b,CONFIRMED,0,0
10777591,Kepler-1637 b,CONFIRMED,0,0
8037038,Kepler-1631 b,CONFIRMED,0,0
8105398,Kepler-1632 b,CONFIRMED,0,0
9141355,Kepler-1635 b,CONFIRMED,0,0
11037818,Kepler-1638 b,CONFIRMED,0,0
11176166,Kepler-1639 b,CONFIRMED,0,0
6368175,Kepler-1703 c,CONFIRMED,0,0
8653134,Kepler-1643 b,CONFIRMED,0,0
8030339,Kepler-1534 b,CONFIRMED,0,0
8037145,Kepler-176 e,CONFIRMED,0,0
7100673,Kepler-1542 d,CONFIRMED,0,0
7100673,Kepler-1542 e,CONFIRMED,0,0
3645438,Kepler-1600 b,CONFIRMED,0,0
8780959,Kepler-1518 b,CONFIRMED,0,0
5629353,Kepler-1640 b,CONFIRMED,0,0
10717220,Kepler-1644 b,CONFIRMED,0,0
10989274,Kepler-1645 b,CONFIRMED,0,0
4247991,Kepler-1185 b,CONFIRMED,0,0
6221385,Kepler-1641 b,CONFIRMED,0,0
6221385,Kepler-1641 c,CONFIRMED,0,0
7908367,Kepler-1642 b,CONFIRMED,0,0
7908367,Kepler-1642 c,CONFIRMED,0,0
4142847,Kepler-1143 c,CONFIRMED,0,0
12206313,Kepler-401 d,CONFIRMED,0,0
10122538,Kepler-1388 d,CONFIRMED,0,0
10122538,Kepler-1388 e,CONFIRMED,0,0
11125797,Kepler-1482 b,CONFIRMED,0,0
4735826,Kepler-1972 c,CONFIRMED,1,0
11442793,Kepler-90 f,CONFIRMED,0,0
8540376,Kepler-457 d,CONFIRMED,0,0
7350067,Kepler-1646 b,CONFIRMED,0,0
9730163,Kepler-445 d,CONFIRMED,0,0
8311864,Kepler-452 b,CONFIRMED,0,0
7935997,Kepler-1629 b,CONFIRMED,0,0
